TITLE,YEAR,SORTED BY
La Femme Nikita,1997,TMDB_POPULARITY
Shōgun,2024,TMDB_POPULARITY
Kraven the Hunter,2024,TMDB_POPULARITY
Freedom,2024,TMDB_POPULARITY
Flow,2024,TMDB_POPULARITY
Cheeky,2000,TMDB_POPULARITY
The Sandman,2022,TMDB_POPULARITY
Sri Asih,2022,TMDB_POPULARITY
Little Siberia,2025,TMDB_POPULARITY
The School for Good and Evil,2022,TMDB_POPULARITY
Exploding Kittens,2024,TMDB_POPULARITY
Red One,2024,TMDB_POPULARITY
Scam 1992: The Harshad Mehta Story,2020,IMDB_SCORE
Frieren: Beyond Journey's End,2023,IMDB_SCORE
Jai Bhim,2021,IMDB_SCORE
The Last of Us,2023,IMDB_SCORE
Flow,2024,POPULAR
Nosferatu,2024,POPULAR
Kraven the Hunter,2024,POPULAR
Babygirl,2024,POPULAR
Call Me by Your Name,2017,TMDB_POPULARITY
Cannibal Holocaust,1980,TMDB_POPULARITY
Culpa Tuya,2024,TMDB_POPULARITY
My Fault: London,2025,TMDB_POPULARITY
Shōgun,2024,IMDB_SCORE
Grave of the Fireflies,1988,IMDB_SCORE
The Railway Men - The Untold Story of Bhopal 1984,2023,IMDB_SCORE
Dream Girl,2016,IMDB_SCORE
The Last of Us,2023,POPULAR
The Outrun,2024,POPULAR
The Ministry of Ungentlemanly Warfare,2024,POPULAR
Shōgun,2024,POPULAR
The Sand Castle,2024,TMDB_POPULARITY
Bionic,2024,TMDB_POPULARITY
Nosferatu,2024,TMDB_POPULARITY
Art of Love,2024,TMDB_POPULARITY
Turning Point: The Bomb and the Cold War,2024,IMDB_SCORE
Gokuraku Sento Busty Hot Water Momi,2011,IMDB_SCORE
Ada Omo Daddy,2023,IMDB_SCORE
Come and See,1985,IMDB_SCORE
The Last Showgirl,2024,POPULAR
Dark Matter,2024,POPULAR
Sub Rosa,2014,TMDB_POPULARITY
The Railway Men - The Untold Story of Bhopal 1984,2023,TMDB_POPULARITY
Babygirl,2024,TMDB_POPULARITY
Chernobyl: Abyss,2021,TMDB_POPULARITY
Power of Paanch,2025,IMDB_SCORE
Euphoria,2019,IMDB_SCORE
Andhadhun,2018,IMDB_SCORE
Caliphate,2020,IMDB_SCORE
Saturday Night,2024,POPULAR
EMILIA PÉREZ,2024,POPULAR
Civil War,2024,POPULAR
The Seed of the Sacred Fig,2024,POPULAR
Desperate Lies,2024,TMDB_POPULARITY
Joy,2024,TMDB_POPULARITY
Blitz,2024,TMDB_POPULARITY
Swingers,2002,TMDB_POPULARITY
Some Like It Hot,1959,IMDB_SCORE
Room,2015,IMDB_SCORE
Haider,2014,IMDB_SCORE
Mommy,2014,IMDB_SCORE
Frieren: Beyond Journey's End,2023,POPULAR
All We Imagine as Light,2024,POPULAR
Euphoria,2019,POPULAR
Parthenope,2024,POPULAR
Spice Up Our Love,2024,TMDB_POPULARITY
Parthenope,2024,TMDB_POPULARITY
Scam 1992: The Harshad Mehta Story,2020,TMDB_POPULARITY
Gokuraku Sento Busty Hot Water Momi,2011,TMDB_POPULARITY
Our Oceans,2024,IMDB_SCORE
Kishkindha Kaandam,2024,IMDB_SCORE
True Beauty,2020,IMDB_SCORE
TAYLOR SWIFT | THE ERAS TOUR,2023,IMDB_SCORE
The Zone of Interest,2023,POPULAR
The Passion of the Christ,2004,POPULAR
Legally Blonde,2001,POPULAR
Secretary,2002,POPULAR
Nymphomaniac: Vol. I,2013,TMDB_POPULARITY
Turning Point: The Bomb and the Cold War,2024,TMDB_POPULARITY
Bad Genius,2024,TMDB_POPULARITY
Fidelity,2019,TMDB_POPULARITY
Rascal Does Not Dream of Bunny Girl Senpai,2018,IMDB_SCORE
Flow,2024,IMDB_SCORE
Talk to Her,2002,IMDB_SCORE
Soldier's Girl,2003,IMDB_SCORE
The Time Traveler's Wife,2022,POPULAR
Wallace & Gromit: Vengeance Most Fowl,2024,POPULAR
Promising Young Woman,2020,POPULAR
The Devil Wears Prada,2006,POPULAR
Valerian and the City of a Thousand Planets,2017,TMDB_POPULARITY
Migration,2023,TMDB_POPULARITY
Bad Sister,2015,TMDB_POPULARITY
Wallace & Gromit: Vengeance Most Fowl,2024,TMDB_POPULARITY
Call Me by Your Name,2017,IMDB_SCORE
Night Courier,2023,IMDB_SCORE
Undercover Underage,2021,IMDB_SCORE
Sub Rosa,2014,IMDB_SCORE
MaXXXine,2024,POPULAR
The Voyeurs,2021,POPULAR
Come and See,1985,POPULAR
Troy,2004,POPULAR
MILF Manor,2023,TMDB_POPULARITY
Fifty Shades Freed,2018,TMDB_POPULARITY
Split,2016,TMDB_POPULARITY
Curiosa,2019,TMDB_POPULARITY
The Time Traveler's Wife,2022,IMDB_SCORE
The Sandman,2022,IMDB_SCORE
Y Tu Mamá También,2001,IMDB_SCORE
Baby Reindeer,2024,IMDB_SCORE
Mamma Mia!,2008,POPULAR
Baby Reindeer,2024,POPULAR
When Evil Lurks,2023,POPULAR
American Pie,1999,POPULAR
Colors of Evil: Red,2024,TMDB_POPULARITY
"Salò, or the 120 Days of Sodom",1976,TMDB_POPULARITY
Cinderella,2015,TMDB_POPULARITY
Bad Genius,2017,TMDB_POPULARITY
Dark Matter,2024,IMDB_SCORE
Bad Genius,2017,IMDB_SCORE
Shiddat,2021,IMDB_SCORE
The Seed of the Sacred Fig,2024,IMDB_SCORE
Grave of the Fireflies,1988,POPULAR
Joker: Folie à Deux,2024,POPULAR
Little Siberia,2025,POPULAR
Crazy Rich Asians,2018,POPULAR
Caliphate,2020,TMDB_POPULARITY
Money Shot: The Pornhub Story,2023,TMDB_POPULARITY
Civil War,2024,TMDB_POPULARITY
The House,2022,TMDB_POPULARITY
Belle de Jour,1967,IMDB_SCORE
Our Living World,2024,IMDB_SCORE
Madaari,2016,IMDB_SCORE
Voy! Voy! Voy!,2023,IMDB_SCORE
Irreversible,2002,POPULAR
Under the Skin,2013,POPULAR
Humane,2024,POPULAR
Love,2015,POPULAR
Jonah Hex,2010,TMDB_POPULARITY
Jumanji: Welcome to the Jungle,2017,TMDB_POPULARITY
The House of Pleasure,1994,TMDB_POPULARITY
The Eyes of My Mother,2016,TMDB_POPULARITY
Boys Don't Cry,1999,IMDB_SCORE
Lunana: A Yak in the Classroom,2019,IMDB_SCORE
The Favourite,2018,IMDB_SCORE
Back to the Future Part III,1990,IMDB_SCORE
My Fault: London,2025,POPULAR
It,2017,POPULAR
In Time,2011,POPULAR
Napoleon,2023,POPULAR
Power of Paanch,2025,TMDB_POPULARITY
Irreversible,2002,TMDB_POPULARITY
EMILIA PÉREZ,2024,TMDB_POPULARITY
Joker: Folie à Deux,2024,TMDB_POPULARITY
Wallace & Gromit: Vengeance Most Fowl,2024,IMDB_SCORE
Bhoothakaalam,2022,IMDB_SCORE
La Femme Nikita,1997,IMDB_SCORE
Marriage Contract,2016,IMDB_SCORE
Piece by Piece,2024,POPULAR
Jumanji: Welcome to the Jungle,2017,POPULAR
Dogtooth,2009,POPULAR
Your Monster,2024,POPULAR
Infidelity in Suburbia,2017,TMDB_POPULARITY
Andhadhun,2018,TMDB_POPULARITY
Queen Cleopatra,2023,TMDB_POPULARITY
Munjya,2024,TMDB_POPULARITY
Promising Young Woman,2020,IMDB_SCORE
Two Autumns in Paris,2020,IMDB_SCORE
Identity,2025,IMDB_SCORE
Tootsie,1982,IMDB_SCORE
Split,2016,POPULAR
Last Night in Soho,2021,POPULAR
La Dolce Villa,2025,POPULAR
Omni Loop,2024,POPULAR
Troy,2004,TMDB_POPULARITY
Hellbound,2021,TMDB_POPULARITY
300 Yen Friendship,2016,TMDB_POPULARITY
The Ministry of Ungentlemanly Warfare,2024,TMDB_POPULARITY
Welcome Home,2020,IMDB_SCORE
Corpse Bride,2005,IMDB_SCORE
Antonia's Line,1995,IMDB_SCORE
Freddy,2022,IMDB_SCORE
Easy A,2010,POPULAR
Call Me by Your Name,2017,POPULAR
Our Little Secret,2024,POPULAR
Little Bites,2024,POPULAR
Disappear Completely,2024,TMDB_POPULARITY
The Devil Wears Prada,2006,TMDB_POPULARITY
Alice in Wonderland,2010,TMDB_POPULARITY
Lunana: A Yak in the Classroom,2019,TMDB_POPULARITY
Troy,2004,IMDB_SCORE
Split,2016,IMDB_SCORE
Irreversible,2002,IMDB_SCORE
First Man,2018,IMDB_SCORE
Blitz,2024,POPULAR
The Sandman,2022,POPULAR
Red Sparrow,2018,POPULAR
Red One,2024,POPULAR
American Pie,1999,TMDB_POPULARITY
America's Sweethearts: Dallas Cowboys Cheerleaders,2024,TMDB_POPULARITY
Fifty Shades Darker,2017,TMDB_POPULARITY
MaXXXine,2024,TMDB_POPULARITY
It,2017,IMDB_SCORE
La Femme Nikita,1990,IMDB_SCORE
The Zone of Interest,2023,IMDB_SCORE
The Passion of the Christ,2004,IMDB_SCORE
Marie Antoinette,2006,POPULAR
Hot Frosty,2024,POPULAR
Materialists,2025,POPULAR
Fifty Shades of Grey,2015,POPULAR
Pretty Baby,1978,TMDB_POPULARITY
Stepmom 2019,2019,TMDB_POPULARITY
I Spit on Your Grave 2,2013,TMDB_POPULARITY
Sosyal Climbers,2025,TMDB_POPULARITY
Nosferatu,2024,IMDB_SCORE
Don't Come Home,2024,IMDB_SCORE
NH 10,2015,IMDB_SCORE
Don't Look Up,2021,IMDB_SCORE
A Serbian Film,2010,POPULAR
Not Another Teen Movie,2001,POPULAR
Tootsie,1982,POPULAR
Bring It On,2000,POPULAR
Investigation Alien,2024,TMDB_POPULARITY
Corpse Bride,2005,TMDB_POPULARITY
The Favourite,2018,TMDB_POPULARITY
La Dolce Villa,2025,TMDB_POPULARITY
That They May Face the Rising Sun,2024,IMDB_SCORE
Bedevilled,2010,IMDB_SCORE
Kamikaze Girls,2004,IMDB_SCORE
Joy,2024,IMDB_SCORE
Buy Now! The Shopping Conspiracy,2024,POPULAR
The Calendar Killer,2025,POPULAR
In Secret,2013,POPULAR
The Time Traveler's Wife,2009,POPULAR
Terminal,2018,TMDB_POPULARITY
Fruits of Passion,1981,TMDB_POPULARITY
Umjolo: Day Ones,2024,TMDB_POPULARITY
Undercover Underage,2021,TMDB_POPULARITY
The Whistleblower,2010,IMDB_SCORE
IB 71,2023,IMDB_SCORE
Dogtooth,2009,IMDB_SCORE
"LSD: Love, Sex aur Dhokha",2010,IMDB_SCORE
Y Tu Mamá También,2001,POPULAR
The Favourite,2018,POPULAR
Nymphomaniac: Vol. I,2013,POPULAR
Oblivion,2013,POPULAR
Legally Blonde,2001,TMDB_POPULARITY
The Zone of Interest,2023,TMDB_POPULARITY
The Mistress of Spices,2005,TMDB_POPULARITY
Kishkindha Kaandam,2024,TMDB_POPULARITY
Saturday Night,2024,IMDB_SCORE
All We Imagine as Light,2024,IMDB_SCORE
Sector 36,2024,IMDB_SCORE
The Time Traveler's Wife,2009,IMDB_SCORE
Don't Look Up,2021,POPULAR
"Salò, or the 120 Days of Sodom",1976,POPULAR
Investigation Alien,2024,POPULAR
Corpse Bride,2005,POPULAR
A Serbian Film,2010,TMDB_POPULARITY
The Girl Next Door,2004,TMDB_POPULARITY
The Time Traveler's Wife,2009,TMDB_POPULARITY
The Passion of the Christ,2004,TMDB_POPULARITY
American Pie,1999,IMDB_SCORE
America's Sweethearts: Dallas Cowboys Cheerleaders,2024,IMDB_SCORE
The Platform,2019,IMDB_SCORE
Brotherhood of the Wolf,2001,IMDB_SCORE
Time Cut,2024,POPULAR
Bad Sister,2015,POPULAR
Bad Genius,2024,POPULAR
Lisa Frankenstein,2024,POPULAR
Fall,2023,TMDB_POPULARITY
The Salamander,2023,TMDB_POPULARITY
The Price of Nonna's Inheritance,2024,TMDB_POPULARITY
The Playboy Murders,2023,TMDB_POPULARITY
Oblivion,2013,IMDB_SCORE
MILF Manor,2023,POPULAR
Some Like It Hot,1959,POPULAR
Eden,2025,POPULAR
When Evil Lurks,2023,TMDB_POPULARITY
Basic Instinct 2,2006,TMDB_POPULARITY
365 Days,2020,TMDB_POPULARITY
Ocean's Eight,2018,TMDB_POPULARITY
Different for Girls,1996,IMDB_SCORE
Last Night in Soho,2021,IMDB_SCORE
Sex and Lucía,2001,IMDB_SCORE
The Plan Man,2014,IMDB_SCORE
Joy,2024,POPULAR
Don't Come Home,2024,POPULAR
The Platform,2019,POPULAR
America's Sweethearts: Dallas Cowboys Cheerleaders,2024,POPULAR
The Manhattan Alien Abduction,2024,TMDB_POPULARITY
Sector 36,2024,TMDB_POPULARITY
Back to the Future Part III,1990,TMDB_POPULARITY
Young Woman Masturbating,2023,TMDB_POPULARITY
Blink,2024,IMDB_SCORE
Martyrs,2008,IMDB_SCORE
Easy A,2010,IMDB_SCORE
Civil War,2024,IMDB_SCORE
Nymphomaniac: Vol. II,2013,POPULAR
The Sand Castle,2024,POPULAR
Death Before the Wedding,2025,POPULAR
The Whistleblower,2010,POPULAR
Eden,2025,TMDB_POPULARITY
The Seed of the Sacred Fig,2024,TMDB_POPULARITY
Frieren: Beyond Journey's End,2023,TMDB_POPULARITY
U Turn,1997,TMDB_POPULARITY
Jumanji: Welcome to the Jungle,2017,IMDB_SCORE
Secretary,2002,IMDB_SCORE
Crazy Rich Asians,2018,IMDB_SCORE
When Evil Lurks,2023,IMDB_SCORE
First Man,2018,POPULAR
La Femme Nikita,1997,POPULAR
365 Days,2020,POPULAR
The Moon,2023,POPULAR
The Last Showgirl,2024,TMDB_POPULARITY
It,2017,TMDB_POPULARITY
Indecent Proposal,1993,TMDB_POPULARITY
The Last of Us,2023,TMDB_POPULARITY
Cinderella,2015,IMDB_SCORE
Haseen Dillruba,2021,IMDB_SCORE
Fashion,2008,IMDB_SCORE
The Outrun,2024,IMDB_SCORE
Benedetta,2021,POPULAR
Valerian and the City of a Thousand Planets,2017,POPULAR
Hellbound,2021,POPULAR
The House Bunny,2008,POPULAR
Hot Girls Wanted,2015,TMDB_POPULARITY
Mostly Sunny,2017,TMDB_POPULARITY
Nymphomaniac: Vol. I,2013,IMDB_SCORE
Piece by Piece,2024,IMDB_SCORE
The Devil Wears Prada,2006,IMDB_SCORE
Vikrant Rona,2022,IMDB_SCORE
The Love Witch,2016,POPULAR
Desperate Lies,2024,POPULAR
Martyrs,2008,POPULAR
Sector 36,2024,POPULAR
Euphoria,2019,TMDB_POPULARITY
Nymphomaniac: Vol. II,2013,TMDB_POPULARITY
Shaitaan,2024,TMDB_POPULARITY
Y Tu Mamá También,2001,TMDB_POPULARITY
Desperate Lies,2024,IMDB_SCORE
Dogs Don't Wear Pants,2019,IMDB_SCORE
Good Newwz,2019,IMDB_SCORE
The Ministry of Ungentlemanly Warfare,2024,IMDB_SCORE
The Human Centipede (First Sequence),2009,POPULAR
Money Shot: The Pornhub Story,2023,POPULAR
Undercover Underage,2021,POPULAR
Disappear Completely,2024,POPULAR
Death Before the Wedding,2025,TMDB_POPULARITY
Saturday Night,2024,TMDB_POPULARITY
Hostel,2005,TMDB_POPULARITY
Red Sparrow,2018,TMDB_POPULARITY
Exploding Kittens,2024,IMDB_SCORE
T-34,2018,IMDB_SCORE
In Time,2011,IMDB_SCORE
Buy Now! The Shopping Conspiracy,2024,IMDB_SCORE
The Arctic Convoy,2023,POPULAR
Ocean's Eight,2018,POPULAR
She's the Man,2006,POPULAR
Antichrist,2009,POPULAR
Oblivion,2013,TMDB_POPULARITY
Girls Trip,2017,TMDB_POPULARITY
Haider,2014,TMDB_POPULARITY
Materialists,2025,TMDB_POPULARITY
U Turn,1997,IMDB_SCORE
The Girl Next Door,2004,IMDB_SCORE
Benedetta,2021,IMDB_SCORE
Chandigarh Kare Aashiqui,2021,IMDB_SCORE
The Girl Next Door,2004,POPULAR
Migration,2023,POPULAR
Bionic,2024,POPULAR
Our Oceans,2024,POPULAR
The Antisocial Network: Memes to Mayhem,2024,TMDB_POPULARITY
Under the Skin,2013,TMDB_POPULARITY
Nine 1/2 Weeks,1986,TMDB_POPULARITY
Domme,2023,TMDB_POPULARITY
Spice Up Our Love,2024,IMDB_SCORE
Jeanne du Barry,2023,IMDB_SCORE
Novitiate,2017,IMDB_SCORE
Adire,2023,IMDB_SCORE
Culpa Tuya,2024,POPULAR
Brotherhood of the Wolf,2001,POPULAR
TAYLOR SWIFT | THE ERAS TOUR,2023,POPULAR
True Beauty,2020,POPULAR
The Hot Chick,2002,TMDB_POPULARITY
A Tribe Called Judah,2023,TMDB_POPULARITY
Madaari,2016,TMDB_POPULARITY
Adore,2013,TMDB_POPULARITY
Nymphomaniac: Vol. II,2013,IMDB_SCORE
The Arctic Convoy,2023,IMDB_SCORE
Migration,2023,IMDB_SCORE
Red Sparrow,2018,IMDB_SCORE
The Playboy Murders,2023,POPULAR
Colors of Evil: Red,2024,POPULAR
The Antisocial Network: Memes to Mayhem,2024,POPULAR
Hostel,2005,POPULAR
In Secret,2013,TMDB_POPULARITY
The Story of O,1975,TMDB_POPULARITY
Don't Come Home,2024,TMDB_POPULARITY
Baby Reindeer,2024,TMDB_POPULARITY
Parthenope,2024,IMDB_SCORE
The Playboy Murders,2023,IMDB_SCORE
Bread & Roses,2024,IMDB_SCORE
Peak Season,2024,IMDB_SCORE
Back to Black,2024,POPULAR
I Spit on Your Grave,2010,POPULAR
Back to the Future Part III,1990,POPULAR
A Teacher,2013,POPULAR
The Outrun,2024,TMDB_POPULARITY
Mamma Mia!,2008,TMDB_POPULARITY
The Calendar Killer,2025,TMDB_POPULARITY
The Platform,2019,TMDB_POPULARITY
Hellbound,2021,IMDB_SCORE
The World of Kanako,2014,IMDB_SCORE
The Girl Next Door,2007,IMDB_SCORE
The Last Showgirl,2024,IMDB_SCORE
Turning Point: The Bomb and the Cold War,2024,POPULAR
Room,2015,POPULAR
Freedom,2024,POPULAR
The Wrong Track,2025,POPULAR
Some Like It Hot,1959,TMDB_POPULARITY
Room,2015,TMDB_POPULARITY
Nekromantik,1988,TMDB_POPULARITY
First Man,2018,TMDB_POPULARITY
Mamma Mia!,2008,IMDB_SCORE
Maharaj,2024,IMDB_SCORE
Marie Antoinette,2006,IMDB_SCORE
Legally Blonde,2001,IMDB_SCORE
Black Barbie: A Documentary,2024,POPULAR
Elektra,2005,POPULAR
U Turn,1997,POPULAR
Hell Torture,2023,POPULAR
The Duke of Burgundy,2014,IMDB_SCORE
Shaitaan,2024,IMDB_SCORE
Swallow,2020,IMDB_SCORE
Pretty Baby,1978,IMDB_SCORE
Bread & Roses,2024,POPULAR
Fifty Shades Darker,2017,POPULAR
Werewolf,2017,POPULAR
Jeanne du Barry,2023,POPULAR
Antichrist,2009,IMDB_SCORE
Pretty Baby,1978,POPULAR
Rascal Does Not Dream of Bunny Girl Senpai,2018,POPULAR
Indecent Proposal,1993,POPULAR
Alice in Wonderland,2010,IMDB_SCORE
The Antisocial Network: Memes to Mayhem,2024,IMDB_SCORE
Helter Skelter,2012,IMDB_SCORE
The Secret Weapon,2021,IMDB_SCORE
Exploding Kittens,2024,POPULAR
Chestnut,2024,POPULAR
Colors of Evil: Red,2024,IMDB_SCORE
Unsane,2018,IMDB_SCORE
Savages,2012,IMDB_SCORE
Valerian and the City of a Thousand Planets,2017,IMDB_SCORE
Investigation Alien,2024,IMDB_SCORE
Your Monster,2024,IMDB_SCORE
She's the Man,2006,IMDB_SCORE
Munjya,2024,IMDB_SCORE
Back to Black,2024,IMDB_SCORE
MaXXXine,2024,IMDB_SCORE
Haider,2014,POPULAR
The Girl Next Door,2007,POPULAR
Fifty Shades Freed,2018,POPULAR
The Manhattan Alien Abduction,2024,POPULAR
Two Autumns in Paris,2020,TMDB_POPULARITY
Young Mother 3,2015,TMDB_POPULARITY
Not Another Teen Movie,2001,TMDB_POPULARITY
Come and See,1985,TMDB_POPULARITY
Dating the Enemy,1996,IMDB_SCORE
Antiporno,2017,IMDB_SCORE
Napoleon,2023,IMDB_SCORE
Under the Skin,2013,IMDB_SCORE
Two Night Stand,2014,POPULAR
I Could Never Be Your Woman,2007,POPULAR
The Archies,2023,POPULAR
Blonde,2022,POPULAR
Humane,2024,TMDB_POPULARITY
Antichrist,2009,TMDB_POPULARITY
Baise-moi,2000,TMDB_POPULARITY
Children of the Salt,2017,TMDB_POPULARITY
Two Night Stand,2014,IMDB_SCORE
The Ramen Girl,2008,IMDB_SCORE
Red One,2024,IMDB_SCORE
Ocean's Eight,2018,IMDB_SCORE
The Price of Nonna's Inheritance,2024,POPULAR
Munjya,2024,POPULAR
"LSD: Love, Sex aur Dhokha",2010,POPULAR
A Tribe Called Judah,2023,POPULAR
Pet,2016,TMDB_POPULARITY
Don't Look Up,2021,TMDB_POPULARITY
Last Night in Soho,2021,TMDB_POPULARITY
Napoleon,2023,TMDB_POPULARITY
Girls Trip,2017,IMDB_SCORE
My Fault: London,2025,IMDB_SCORE
The Eyes of My Mother,2016,IMDB_SCORE
An Ordinary Mother,2022,IMDB_SCORE
Cinderella,2015,POPULAR
Our Living World,2024,POPULAR
Americana,2025,POPULAR
Ava,2020,POPULAR
Marie Antoinette,2006,TMDB_POPULARITY
True Beauty,2020,TMDB_POPULARITY
Secretary,2002,TMDB_POPULARITY
Agra,2023,TMDB_POPULARITY
Adore,2013,IMDB_SCORE
The Playboy Club,2011,IMDB_SCORE
Fistik gibi masallah,1964,IMDB_SCORE
Restore Point,2023,IMDB_SCORE
Queen Cleopatra,2023,POPULAR
Curiosa,2019,POPULAR
The Eyes of My Mother,2016,POPULAR
Sosyal Climbers,2025,POPULAR
Time Cut,2024,TMDB_POPULARITY
Veere Di Wedding,2018,TMDB_POPULARITY
Crazy Rich Asians,2018,TMDB_POPULARITY
Dark Matter,2024,TMDB_POPULARITY
Sri Asih,2022,IMDB_SCORE
I Spit on Your Grave,2010,IMDB_SCORE
Bad Genius,2024,IMDB_SCORE
Disappear Completely,2024,IMDB_SCORE
Girls Trip,2017,POPULAR
Savages,2012,POPULAR
Descendants: The Rise of Red,2024,POPULAR
Queen of The Night,2013,POPULAR
In Time,2011,TMDB_POPULARITY
Back to Black,2024,TMDB_POPULARITY
Fifty Shades of Grey,2015,TMDB_POPULARITY
Sex and Lucía,2001,TMDB_POPULARITY
The Love Witch,2016,IMDB_SCORE
Shooting My Life's Script,2024,IMDB_SCORE
Blitz,2024,IMDB_SCORE
Bring It On,2000,IMDB_SCORE
Katie's Mom,2025,POPULAR
The School for Good and Evil,2022,POPULAR
Basic Instinct 2,2006,POPULAR
Shaitaan,2024,POPULAR
Savages,2012,TMDB_POPULARITY
TAYLOR SWIFT | THE ERAS TOUR,2023,TMDB_POPULARITY
Boys Don't Cry,1999,TMDB_POPULARITY
Talk to Her,2002,TMDB_POPULARITY
Werewolf,2017,IMDB_SCORE
In Secret,2013,IMDB_SCORE
Hot Girls Wanted,2015,IMDB_SCORE
Eden,2025,IMDB_SCORE
The Story of O,1975,POPULAR
Kishkindha Kaandam,2024,POPULAR
Swallow,2020,POPULAR
Seize Them!,2024,POPULAR
Belle de Jour,1967,TMDB_POPULARITY
Mira,2022,TMDB_POPULARITY
Promising Young Woman,2020,TMDB_POPULARITY
Unsane,2018,TMDB_POPULARITY
The Voyeurs,2021,IMDB_SCORE
T-34,2018,POPULAR
Cam,2018,TMDB_POPULARITY
Bhoothakaalam,2022,TMDB_POPULARITY
The Voyeurs,2021,TMDB_POPULARITY
Love,2015,IMDB_SCORE
Lisa Frankenstein,2024,IMDB_SCORE
The Wrong Track,2025,IMDB_SCORE
La Dolce Villa,2025,IMDB_SCORE
Restore Point,2023,POPULAR
Sleeping Beauty,2011,POPULAR
Caliphate,2020,POPULAR
Boys Don't Cry,1999,POPULAR
Little Bites,2024,TMDB_POPULARITY
Shiddat,2021,TMDB_POPULARITY
Dogs Don't Wear Pants,2019,TMDB_POPULARITY
Descendants: The Rise of Red,2024,TMDB_POPULARITY
Children of the Salt,2017,IMDB_SCORE
Paranoia,1969,IMDB_SCORE
Black Barbie: A Documentary,2024,IMDB_SCORE
I Could Never Be Your Woman,2007,IMDB_SCORE
I Spit on Your Grave 2,2013,POPULAR
Art of Love,2024,POPULAR
Cannibal Holocaust,1980,POPULAR
Poison Ivy,1992,POPULAR
The Time Traveler's Wife,2022,TMDB_POPULARITY
She's the Man,2006,TMDB_POPULARITY
The Arctic Convoy,2023,TMDB_POPULARITY
The Human Centipede (First Sequence),2009,TMDB_POPULARITY
Babygirl,2024,IMDB_SCORE
Indecent Proposal,1993,IMDB_SCORE
Man vs Wild with Sunny Leone,2018,IMDB_SCORE
Cam,2018,IMDB_SCORE
Scam 1992: The Harshad Mehta Story,2020,POPULAR
Sex and Lucía,2001,POPULAR
The Diary,2024,POPULAR
The Ceremony,2015,POPULAR
Brotherhood of the Wolf,2001,TMDB_POPULARITY
Jai Bhim,2021,TMDB_POPULARITY
Blonde,2022,TMDB_POPULARITY
The Love Witch,2016,TMDB_POPULARITY
Freedom,2024,IMDB_SCORE
A Tribe Called Judah,2023,IMDB_SCORE
The School for Good and Evil,2022,IMDB_SCORE
Nine 1/2 Weeks,1986,IMDB_SCORE
The Hot Chick,2002,POPULAR
Unsane,2018,POPULAR
Latency,2024,POPULAR
Nine 1/2 Weeks,1986,POPULAR
Rascal Does Not Dream of Bunny Girl Senpai,2018,TMDB_POPULARITY
Novitiate,2017,TMDB_POPULARITY
Two Night Stand,2014,TMDB_POPULARITY
Mommy,2014,TMDB_POPULARITY
Hostel,2005,IMDB_SCORE
"Salò, or the 120 Days of Sodom",1976,IMDB_SCORE
Good Girl Jane,2024,IMDB_SCORE
The Moon,2023,IMDB_SCORE
Borders of Love,2022,POPULAR
Jai Bhim,2021,POPULAR
Mostly Sunny,2017,POPULAR
Nekromantik,1988,POPULAR
Mean Girls 2,2011,TMDB_POPULARITY
Bread & Roses,2024,TMDB_POPULARITY
Elles,2011,TMDB_POPULARITY
After Porn Ends,2012,TMDB_POPULARITY
Cannibal Holocaust,1980,IMDB_SCORE
Not Another Teen Movie,2001,IMDB_SCORE
Mira,2022,IMDB_SCORE
Ken Park,2003,IMDB_SCORE
I Spit on Your Grave 2,2013,IMDB_SCORE
Our Little Secret,2024,IMDB_SCORE
Touched,2024,IMDB_SCORE
After Porn Ends,2012,IMDB_SCORE
Gemini,2005,IMDB_SCORE
Soldier's Girl,2003,POPULAR
The Duke of Burgundy,2014,POPULAR
Vikrant Rona,2022,POPULAR
La Femme Nikita,1990,POPULAR
Novitiate,2017,POPULAR
Lunana: A Yak in the Classroom,2019,POPULAR
The Railway Men - The Untold Story of Bhopal 1984,2023,POPULAR
Adore,2013,POPULAR
Mira,2022,POPULAR
After Porn Ends,2012,POPULAR
Alice in Wonderland,2010,POPULAR
Hot Girls Wanted,2015,POPULAR
Dogtooth,2009,TMDB_POPULARITY
I Spit on Your Grave,2010,TMDB_POPULARITY
The Brown Bunny,2003,TMDB_POPULARITY
Antonia's Line,1995,TMDB_POPULARITY
The Pet,2006,TMDB_POPULARITY
Elektra,2005,TMDB_POPULARITY
Salamat Daks,2023,TMDB_POPULARITY
Latency,2024,TMDB_POPULARITY
Easy A,2010,TMDB_POPULARITY
Benedetta,2021,TMDB_POPULARITY
Chestnut,2024,TMDB_POPULARITY
Queen of The Night,2013,IMDB_SCORE
The House,2022,IMDB_SCORE
Fidelity,2019,IMDB_SCORE
Agra,2023,IMDB_SCORE
Pet,2016,IMDB_SCORE
Four Lovers,2010,IMDB_SCORE
Elles,2011,IMDB_SCORE
Bits & Pieces,1996,IMDB_SCORE
The House Bunny,2008,IMDB_SCORE
The Hot Chick,2002,IMDB_SCORE
Man and Witch: The Dance of a Thousand Steps,2024,IMDB_SCORE
Hostel: Part II,2007,IMDB_SCORE
Scorpio Nights 3,2022,IMDB_SCORE
Mommy,2014,POPULAR
Bedevilled,2010,POPULAR
Fukrey 3,2023,POPULAR
Haseen Dillruba,2021,POPULAR
Hostel: Part II,2007,POPULAR
Pet,2016,POPULAR
Andhadhun,2018,POPULAR
The World of Kanako,2014,POPULAR
Talk to Her,2002,POPULAR
Adire,2023,POPULAR
Chandigarh Kare Aashiqui,2021,POPULAR
Chernobyl: Abyss,2021,POPULAR
Bad Genius,2017,POPULAR
Haseen Dillruba,2021,TMDB_POPULARITY
Soldier's Girl,2003,TMDB_POPULARITY
Milf,2010,TMDB_POPULARITY
Hostel: Part II,2007,TMDB_POPULARITY
Free Time,2023,TMDB_POPULARITY
Martyrs,2008,TMDB_POPULARITY
Katie's Mom,2025,TMDB_POPULARITY
The Diary,2024,TMDB_POPULARITY
Good Girl Jane,2024,TMDB_POPULARITY
Ken Park,2003,TMDB_POPULARITY
Our Little Secret,2024,TMDB_POPULARITY
Mistresses,2019,TMDB_POPULARITY
Ava,2020,TMDB_POPULARITY
Kraven the Hunter,2024,IMDB_SCORE
Borders of Love,2022,IMDB_SCORE
Blonde,2022,IMDB_SCORE
Free Time,2023,IMDB_SCORE
Swingers,2002,IMDB_SCORE
Fukrey 3,2023,IMDB_SCORE
Humane,2024,IMDB_SCORE
The Mistress of Spices,2005,IMDB_SCORE
Omni Loop,2024,IMDB_SCORE
Ava,2020,IMDB_SCORE
Mostly Sunny,2017,IMDB_SCORE
My Mistress,2014,IMDB_SCORE
The Escort,2016,POPULAR
Terminal,2018,POPULAR
Infidelity in Suburbia,2017,POPULAR
Baise-moi,2000,POPULAR
American Kamasutra,2018,POPULAR
Curry & Cyanide: The Jolly Joseph Case,2023,POPULAR
Maharaj,2024,POPULAR
Cam,2018,POPULAR
Fashion,2008,POPULAR
Diary of a Butterfly,2012,POPULAR
Belle de Jour,1967,POPULAR
Mean Girls 2,2011,POPULAR
That They May Face the Rising Sun,2024,TMDB_POPULARITY
May-December-January,2022,TMDB_POPULARITY
Piece by Piece,2024,TMDB_POPULARITY
The House Bunny,2008,TMDB_POPULARITY
All We Imagine as Light,2024,TMDB_POPULARITY
Freddy,2022,TMDB_POPULARITY
Umjolo: The Gone Girl,2024,TMDB_POPULARITY
Miss Congeniality 2: Armed and Fabulous,2005,TMDB_POPULARITY
The Girl Next Door,2007,TMDB_POPULARITY
Restore Point,2023,TMDB_POPULARITY
Bring It On,2000,TMDB_POPULARITY
Motel Melati,2023,TMDB_POPULARITY
Tootsie,1982,TMDB_POPULARITY
Terminal,2018,IMDB_SCORE
Cleopatra,2007,IMDB_SCORE
Poison Ivy,1992,IMDB_SCORE
Cheeky,2000,IMDB_SCORE
The Calendar Killer,2025,IMDB_SCORE
Curiosa,2019,IMDB_SCORE
EMILIA PÉREZ,2024,IMDB_SCORE
Money Shot: The Pornhub Story,2023,IMDB_SCORE
The Salamander,2023,IMDB_SCORE
The Manhattan Alien Abduction,2024,IMDB_SCORE
The Witch. Revenge,2024,IMDB_SCORE
Fruits of Passion,1981,IMDB_SCORE
Hot Frosty,2024,IMDB_SCORE
The Ceremony,2015,IMDB_SCORE
The Story of O,1975,IMDB_SCORE
Miss Congeniality 2: Armed and Fabulous,2005,POPULAR
Fidelity,2019,POPULAR
Veere Di Wedding,2018,POPULAR
Sri Asih,2022,POPULAR
Plank Face,2016,POPULAR
Marriage Contract,2016,POPULAR
Shooting My Life's Script,2024,POPULAR
A Burning Hot Summer,2011,POPULAR
Jonah Hex,2010,POPULAR
Cheeky,2000,POPULAR
Umjolo: The Gone Girl,2024,POPULAR
The Ramen Girl,2008,POPULAR
Milf,2010,POPULAR
Elles,2011,POPULAR
NH 10,2015,POPULAR
Madaari,2016,POPULAR
Fashion,2008,TMDB_POPULARITY
La Femme Nikita,1990,TMDB_POPULARITY
Buy Now! The Shopping Conspiracy,2024,TMDB_POPULARITY
Chained Heat 2001: Slave Lovers,2001,TMDB_POPULARITY
Our Living World,2024,TMDB_POPULARITY
Jeanne du Barry,2023,TMDB_POPULARITY
Poison Ivy,1992,TMDB_POPULARITY
The Playboy Club,2011,TMDB_POPULARITY
Bula,2023,TMDB_POPULARITY
Omni Loop,2024,TMDB_POPULARITY
The Archies,2023,TMDB_POPULARITY
Hot Frosty,2024,TMDB_POPULARITY
Four Lovers,2010,TMDB_POPULARITY
Adire,2023,TMDB_POPULARITY
Chandigarh Kare Aashiqui,2021,TMDB_POPULARITY
Identity,2025,TMDB_POPULARITY
Sleeping Beauty,2011,TMDB_POPULARITY
The Price of Nonna's Inheritance,2024,IMDB_SCORE
Sleeping Beauty,2011,IMDB_SCORE
Chernobyl: Abyss,2021,IMDB_SCORE
Joker: Folie à Deux,2024,IMDB_SCORE
Miss Congeniality 2: Armed and Fabulous,2005,IMDB_SCORE
Young Mother 3,2015,IMDB_SCORE
Culpa Tuya,2024,IMDB_SCORE
Motel Melati,2023,IMDB_SCORE
Balestra,2024,IMDB_SCORE
May-December-January,2022,IMDB_SCORE
Fall,2023,IMDB_SCORE
Little Siberia,2025,IMDB_SCORE
The Escort,2016,IMDB_SCORE
Seize Them!,2024,IMDB_SCORE
Dogs Don't Wear Pants,2019,POPULAR
Umjolo: Day Ones,2024,POPULAR
The Brown Bunny,2003,POPULAR
Antonia's Line,1995,POPULAR
Four Lovers,2010,POPULAR
Poison Ivy: The New Seduction,1997,POPULAR
Bits & Pieces,1996,POPULAR
Antiporno,2017,POPULAR
Good Newwz,2019,POPULAR
Different for Girls,1996,POPULAR
Haseena,2018,POPULAR
My Mistress,2014,POPULAR
Sub Rosa,2014,POPULAR
Swingers,2002,POPULAR
Spice Up Our Love,2024,POPULAR
Gokuraku Sento Busty Hot Water Momi,2011,POPULAR
The House,2022,POPULAR
The House of Pleasure,1994,POPULAR
The Ceremony,2015,TMDB_POPULARITY
The Lesser Evil,2014,TMDB_POPULARITY
Poison Ivy: The New Seduction,1997,TMDB_POPULARITY
IB 71,2023,TMDB_POPULARITY
The Wrong Track,2025,TMDB_POPULARITY
My Mistress,2014,TMDB_POPULARITY
Plank Face,2016,TMDB_POPULARITY
Scorpio Nights 3,2022,TMDB_POPULARITY
Helter Skelter,2012,TMDB_POPULARITY
A Burning Hot Summer,2011,TMDB_POPULARITY
Bedevilled,2010,TMDB_POPULARITY
T-34,2018,TMDB_POPULARITY
The Witch. Revenge,2024,TMDB_POPULARITY
Your Monster,2024,TMDB_POPULARITY
Hell Torture,2023,TMDB_POPULARITY
Paranoia,1969,TMDB_POPULARITY
Kamikaze Girls,2004,TMDB_POPULARITY
The Duke of Burgundy,2014,TMDB_POPULARITY
Lisa Frankenstein,2024,TMDB_POPULARITY
Sosyal Climbers,2025,IMDB_SCORE
A Burning Hot Summer,2011,IMDB_SCORE
Heroine,2012,IMDB_SCORE
Time Cut,2024,IMDB_SCORE
Salamat Daks,2023,IMDB_SCORE
The Diary,2024,IMDB_SCORE
Plank Face,2016,IMDB_SCORE
Swimming Home,2024,IMDB_SCORE
A Serbian Film,2010,IMDB_SCORE
The Brown Bunny,2003,IMDB_SCORE
A Teacher,2013,IMDB_SCORE
Nekromantik,1988,IMDB_SCORE
Poison Ivy: The New Seduction,1997,IMDB_SCORE
Bula,2023,IMDB_SCORE
Chestnut,2024,IMDB_SCORE
Power of Paanch,2025,POPULAR
300 Yen Friendship,2016,POPULAR
Stepmom 2019,2019,POPULAR
Fruits of Passion,1981,POPULAR
The Mistress of Spices,2005,POPULAR
Fall,2023,POPULAR
The Salamander,2023,POPULAR
Young Woman Masturbating,2023,POPULAR
Domme,2023,POPULAR
Two Autumns in Paris,2020,POPULAR
Young Mother 3,2015,POPULAR
Children of the Salt,2017,POPULAR
Agra,2023,POPULAR
Bhoothakaalam,2022,POPULAR
Shiddat,2021,POPULAR
The Pet,2006,POPULAR
Salamat Daks,2023,POPULAR
Free Time,2023,POPULAR
Good Girl Jane,2024,POPULAR
Ken Park,2003,POPULAR
Antiporno,2017,TMDB_POPULARITY
Werewolf,2017,TMDB_POPULARITY
Loveable,2025,TMDB_POPULARITY
Heroine,2012,TMDB_POPULARITY
I'm Monica Bellucci,2021,TMDB_POPULARITY
Swallow,2020,TMDB_POPULARITY
Black Barbie: A Documentary,2024,TMDB_POPULARITY
I Could Never Be Your Woman,2007,TMDB_POPULARITY
Ada Omo Daddy,2023,TMDB_POPULARITY
The Ramen Girl,2008,TMDB_POPULARITY
School Of Surrender,2005,TMDB_POPULARITY
Different for Girls,1996,TMDB_POPULARITY
A Teacher,2013,TMDB_POPULARITY
Poison Ivy 2: Lily,1996,TMDB_POPULARITY
The Moon,2023,TMDB_POPULARITY
Borders of Love,2022,TMDB_POPULARITY
Our Oceans,2024,TMDB_POPULARITY
Compulsus,2022,IMDB_SCORE
Jonah Hex,2010,IMDB_SCORE
Elektra,2005,IMDB_SCORE
The Sand Castle,2024,IMDB_SCORE
Death Before the Wedding,2025,IMDB_SCORE
Descendants: The Rise of Red,2024,IMDB_SCORE
Mistresses,2019,IMDB_SCORE
Bad Sister,2015,IMDB_SCORE
Fifty Shades Darker,2017,IMDB_SCORE
Little Bites,2024,IMDB_SCORE
Art of Love,2024,IMDB_SCORE
Fifty Shades Freed,2018,IMDB_SCORE
Hell Torture,2023,IMDB_SCORE
Mistresses,2019,POPULAR
That They May Face the Rising Sun,2024,POPULAR
May-December-January,2022,POPULAR
Freddy,2022,POPULAR
Motel Melati,2023,POPULAR
Chained Heat 2001: Slave Lovers,2001,POPULAR
Marriage Contract,2016,TMDB_POPULARITY
The Whistleblower,2010,TMDB_POPULARITY
Bits & Pieces,1996,TMDB_POPULARITY
The Escort,2016,TMDB_POPULARITY
Maharaj,2024,TMDB_POPULARITY
The Plan Man,2014,TMDB_POPULARITY
Fistik gibi masallah,1964,TMDB_POPULARITY
Vikrant Rona,2022,TMDB_POPULARITY
An Ordinary Mother,2022,TMDB_POPULARITY
Balestra,2024,TMDB_POPULARITY
Fukrey 3,2023,TMDB_POPULARITY
Concrete,2004,TMDB_POPULARITY
American Kamasutra,2018,TMDB_POPULARITY
Shooting My Life's Script,2024,TMDB_POPULARITY
The World of Kanako,2014,TMDB_POPULARITY
Touched,2024,TMDB_POPULARITY
Welcome Home,2020,TMDB_POPULARITY
Love,2015,TMDB_POPULARITY
NH 10,2015,TMDB_POPULARITY
Some Like It Cold,2014,TMDB_POPULARITY
Man and Witch: The Dance of a Thousand Steps,2024,TMDB_POPULARITY
Peak Season,2024,TMDB_POPULARITY
Swimming Home,2024,TMDB_POPULARITY
Haseena,2018,TMDB_POPULARITY
Compulsus,2022,TMDB_POPULARITY
Dating the Enemy,1996,TMDB_POPULARITY
Cleopatra,2007,TMDB_POPULARITY
"LSD: Love, Sex aur Dhokha",2010,TMDB_POPULARITY
Night Courier,2023,TMDB_POPULARITY
Gemini,2005,TMDB_POPULARITY
Seize Them!,2024,TMDB_POPULARITY
The Playboy Club,2011,POPULAR
Bula,2023,POPULAR
Identity,2025,POPULAR
The Lesser Evil,2014,POPULAR
IB 71,2023,POPULAR
Scorpio Nights 3,2022,POPULAR
Helter Skelter,2012,POPULAR
The Witch. Revenge,2024,POPULAR
Paranoia,1969,POPULAR
Kamikaze Girls,2004,POPULAR
Loveable,2025,POPULAR
Heroine,2012,POPULAR
I'm Monica Bellucci,2021,POPULAR
Queen of The Night,2013,TMDB_POPULARITY
Curry & Cyanide: The Jolly Joseph Case,2023,TMDB_POPULARITY
Mistress,1976,TMDB_POPULARITY
The Secret Weapon,2021,TMDB_POPULARITY
Mistress of Souls,2007,TMDB_POPULARITY
Why Did You Come to My House,2009,TMDB_POPULARITY
Diary of a Butterfly,2012,TMDB_POPULARITY
Man vs Wild with Sunny Leone,2018,TMDB_POPULARITY
Voy! Voy! Voy!,2023,TMDB_POPULARITY
Dream Girl,2016,TMDB_POPULARITY
Americana,2025,TMDB_POPULARITY
Good Newwz,2019,TMDB_POPULARITY
Blink,2024,TMDB_POPULARITY
Grave of the Fireflies,1988,TMDB_POPULARITY
Ada Omo Daddy,2023,POPULAR
School Of Surrender,2005,POPULAR
Poison Ivy 2: Lily,1996,POPULAR
The Plan Man,2014,POPULAR
Fistik gibi masallah,1964,POPULAR
An Ordinary Mother,2022,POPULAR
Balestra,2024,POPULAR
Concrete,2004,POPULAR
Touched,2024,POPULAR
Welcome Home,2020,POPULAR
Some Like It Cold,2014,POPULAR
Man and Witch: The Dance of a Thousand Steps,2024,POPULAR
Peak Season,2024,POPULAR
Swimming Home,2024,POPULAR
Domme,2023,IMDB_SCORE
Poison Ivy 2: Lily,1996,IMDB_SCORE
Baise-moi,2000,IMDB_SCORE
The Human Centipede (First Sequence),2009,IMDB_SCORE
Basic Instinct 2,2006,IMDB_SCORE
The House of Pleasure,1994,IMDB_SCORE
Concrete,2004,IMDB_SCORE
Umjolo: The Gone Girl,2024,IMDB_SCORE
Bionic,2024,IMDB_SCORE
Infidelity in Suburbia,2017,IMDB_SCORE
Some Like It Cold,2014,IMDB_SCORE
Fifty Shades of Grey,2015,IMDB_SCORE
The Archies,2023,IMDB_SCORE
Compulsus,2022,POPULAR
Dating the Enemy,1996,POPULAR
Cleopatra,2007,POPULAR
Night Courier,2023,POPULAR
Gemini,2005,POPULAR
Mistress,1976,POPULAR
The Secret Weapon,2021,POPULAR
Mistress of Souls,2007,POPULAR
Why Did You Come to My House,2009,POPULAR
Man vs Wild with Sunny Leone,2018,POPULAR
Voy! Voy! Voy!,2023,POPULAR
Dream Girl,2016,POPULAR
Blink,2024,POPULAR
Latency,2024,IMDB_SCORE
Mean Girls 2,2011,IMDB_SCORE
Umjolo: Day Ones,2024,IMDB_SCORE
Diary of a Butterfly,2012,IMDB_SCORE
MILF Manor,2023,IMDB_SCORE
The Pet,2006,IMDB_SCORE
Veere Di Wedding,2018,IMDB_SCORE
365 Days,2020,IMDB_SCORE
American Kamasutra,2018,IMDB_SCORE
Haseena,2018,IMDB_SCORE
Queen Cleopatra,2023,IMDB_SCORE
Chained Heat 2001: Slave Lovers,2001,IMDB_SCORE
Materialists,2025,IMDB_SCORE
The Lesser Evil,2014,IMDB_SCORE
Mistress of Souls,2007,IMDB_SCORE
Milf,2010,IMDB_SCORE
Mistress,1976,IMDB_SCORE
Americana,2025,IMDB_SCORE
Loveable,2025,IMDB_SCORE
300 Yen Friendship,2016,IMDB_SCORE
Why Did You Come to My House,2009,IMDB_SCORE
Katie's Mom,2025,IMDB_SCORE
Stepmom 2019,2019,IMDB_SCORE
School Of Surrender,2005,IMDB_SCORE
Young Woman Masturbating,2023,IMDB_SCORE
I'm Monica Bellucci,2021,IMDB_SCORE
Curry & Cyanide: The Jolly Joseph Case,2023,IMDB_SCORE
