ID,TITLE,YEAR,SORTED BY
tm1626671,Saiyaara,2025,IMDB_SCORE
ts4,Breaking Bad,2008,IMDB_SCORE
ts2,Game of Thrones,2011,IMDB_SCORE
ts242607,Scam 1992: The Harshad Mehta Story,2020,IMDB_SCORE
ts20682,Attack on Titan,2013,IMDB_SCORE
ts90311,Vinland Saga,2019,IMDB_SCORE
ts359486,Solo Leveling,2024,IMDB_SCORE
ts395707,The Apothecary Diaries,2023,IMDB_SCORE
ts84657,Kaguya-sama: Love is War,2019,IMDB_SCORE
ts222852,Jujutsu Kaisen,2020,IMDB_SCORE
ts274631,Wednesday,2022,POPULAR
tm54176,Grave of the Fireflies,1988,IMDB_SCORE
ts371634,The Railway Men - The Untold Story of Bhopal 1984,2023,IMDB_SCORE
tm326021,Dream Girl,2016,IMDB_SCORE
ts215712,The Sandman,2022,POPULAR
tm1238268,Thunderbolts*,2025,POPULAR
tm1486839,Weapons,2025,POPULAR
tm1486839,Weapons,2025,TMDB_POPULARITY
tm1570766,Ne Zha 2,2025,TMDB_POPULARITY
ts378603,Turning Point: The Bomb and the Cold War,2024,IMDB_SCORE
tm1424710,Ada Omo Daddy,2023,IMDB_SCORE
ts413191,Dan Da Dan,2024,IMDB_SCORE
tm1444647,28 Years Later,2025,POPULAR
tm1546624,Until Dawn,2025,POPULAR
tm1589939,Materialists,2025,POPULAR
ts2,Game of Thrones,2011,TMDB_POPULARITY
tm1299255,M3GAN 2.0,2025,TMDB_POPULARITY
ts4,Breaking Bad,2008,TMDB_POPULARITY
ts283022,SPY x FAMILY,2022,IMDB_SCORE
ts219080,Caliphate,2020,IMDB_SCORE
ts82915,Sex Education,2019,IMDB_SCORE
tm1487675,Drop,2025,POPULAR
tm1287083,Ballerina,2025,POPULAR
tm1299255,M3GAN 2.0,2025,POPULAR
tm1444647,28 Years Later,2025,TMDB_POPULARITY
ts395707,The Apothecary Diaries,2023,TMDB_POPULARITY
ts215712,The Sandman,2022,TMDB_POPULARITY
tm1601353,Tourist Family,2025,IMDB_SCORE
ts87074,Euphoria,2019,IMDB_SCORE
tm1570766,Ne Zha 2,2025,IMDB_SCORE
ts413191,Dan Da Dan,2024,POPULAR
ts4,Breaking Bad,2008,POPULAR
ts2,Game of Thrones,2011,POPULAR
tm1287083,Ballerina,2025,TMDB_POPULARITY
ts359486,Solo Leveling,2024,TMDB_POPULARITY
tm1238268,Thunderbolts*,2025,TMDB_POPULARITY
tm405024,I Want to Eat Your Pancreas,2018,IMDB_SCORE
tm233425,A Silent Voice: The Movie,2016,IMDB_SCORE
tm153143,Mommy,2014,IMDB_SCORE
ts404390,The Eternaut,2025,POPULAR
tm1620730,Predator: Killer of Killers,2025,POPULAR
ts20682,Attack on Titan,2013,POPULAR
ts413191,Dan Da Dan,2024,TMDB_POPULARITY
ts82915,Sex Education,2019,TMDB_POPULARITY
tm371882,Ne Zha,2019,TMDB_POPULARITY
ts369911,Our Oceans,2024,IMDB_SCORE
tm190768,Perfect Blue,1998,IMDB_SCORE
tm1582862,Gowok: Javanese Kamasutra,2025,IMDB_SCORE
tm1489402,The Ugly Stepsister,2025,POPULAR
ts359486,Solo Leveling,2024,POPULAR
ts87074,Euphoria,2019,POPULAR
tm1589939,Materialists,2025,TMDB_POPULARITY
ts274631,Wednesday,2022,TMDB_POPULARITY
ts283022,SPY x FAMILY,2022,TMDB_POPULARITY
tm1380523,TAYLOR SWIFT | THE ERAS TOUR,2023,IMDB_SCORE
ts274631,Wednesday,2022,IMDB_SCORE
ts84280,Rascal Does Not Dream of Bunny Girl Senpai,2018,IMDB_SCORE
tm1434941,Eden,2025,POPULAR
tm1521793,The Last Showgirl,2024,POPULAR
tm371882,Ne Zha,2019,POPULAR
ts399016,Overflow,2020,TMDB_POPULARITY
ts84280,Rascal Does Not Dream of Bunny Girl Senpai,2018,TMDB_POPULARITY
ts461854,"Please Put Them On, Takamine-san",2025,TMDB_POPULARITY
ts87563,Dr. STONE,2019,IMDB_SCORE
tm1486839,Weapons,2025,IMDB_SCORE
ts438720,Ranma1/2,2024,IMDB_SCORE
ts395707,The Apothecary Diaries,2023,POPULAR
ts222852,Jujutsu Kaisen,2020,POPULAR
tm159220,Under the Skin,2014,POPULAR
ts20682,Attack on Titan,2013,TMDB_POPULARITY
tm1626671,Saiyaara,2025,TMDB_POPULARITY
ts222852,Jujutsu Kaisen,2020,TMDB_POPULARITY
ts268266,True Beauty,2020,IMDB_SCORE
tm119226,Talk to Her,2002,IMDB_SCORE
ts80747,Grand Blue Dreaming,2018,IMDB_SCORE
tm53144,Legally Blonde,2001,POPULAR
tm34089,Mamma Mia!,2008,POPULAR
tm327806,The Zone of Interest,2023,POPULAR
ts87074,Euphoria,2019,TMDB_POPULARITY
tm1620730,Predator: Killer of Killers,2025,TMDB_POPULARITY
tm1367857,Culpa Tuya,2024,TMDB_POPULARITY
tm148282,Soldier's Girl,2003,IMDB_SCORE
tm1367583,Night Courier,2023,IMDB_SCORE
ts473467,Turning Point: The Vietnam War,2025,IMDB_SCORE
tm23416,Bring It On,2000,POPULAR
tm57601,American Pie,1999,POPULAR
tm190768,Perfect Blue,1998,POPULAR
ts268266,True Beauty,2020,TMDB_POPULARITY
tm1546624,Until Dawn,2025,TMDB_POPULARITY
tm1489402,The Ugly Stepsister,2025,TMDB_POPULARITY
ts315048,Undercover Underage,2021,IMDB_SCORE
tm432142,Sub Rosa,2014,IMDB_SCORE
ts82879,The Time Traveler's Wife,2022,IMDB_SCORE
tm34019,Y Tu Mamá También,2001,POPULAR
tm1045421,Kraven the Hunter,2024,POPULAR
tm123038,The Story of O,1975,POPULAR
ts321080,Lycoris Recoil,2022,TMDB_POPULARITY
tm1557110,My Fault: London,2025,TMDB_POPULARITY
ts242607,Scam 1992: The Harshad Mehta Story,2020,TMDB_POPULARITY
tm1466382,Loveable,2024,IMDB_SCORE
ts215712,The Sandman,2022,IMDB_SCORE
tm34019,Y Tu Mamá También,2001,IMDB_SCORE
tm1528662,Saturday Night,2024,POPULAR
tm1570766,Ne Zha 2,2025,POPULAR
tm54176,Grave of the Fireflies,1988,POPULAR
ts80747,Grand Blue Dreaming,2018,TMDB_POPULARITY
tm1045421,Kraven the Hunter,2024,TMDB_POPULARITY
tm139217,Fifty Shades of Grey,2015,TMDB_POPULARITY
ts282537,Baby Reindeer,2024,IMDB_SCORE
tm320255,Bad Genius,2017,IMDB_SCORE
tm1098820,Shiddat,2021,IMDB_SCORE
tm139217,Fifty Shades of Grey,2015,POPULAR
tm1311670,Americana,2025,POPULAR
tm138998,Love,2015,POPULAR
tm1200268,Red One,2024,TMDB_POPULARITY
ts282537,Baby Reindeer,2024,TMDB_POPULARITY
ts251675,Hellbound,2021,TMDB_POPULARITY
ts321080,Lycoris Recoil,2022,IMDB_SCORE
tm1477321,The Seed of the Sacred Fig,2024,IMDB_SCORE
tm120702,Belle de Jour,1967,IMDB_SCORE
ts90311,Vinland Saga,2019,POPULAR
tm180545,In Time,2011,POPULAR
tm1626671,Saiyaara,2025,POPULAR
tm1650681,Wall to Wall,2025,TMDB_POPULARITY
ts84657,Kaguya-sama: Love is War,2019,TMDB_POPULARITY
tm1644575,Ziam,2025,TMDB_POPULARITY
ts369912,Our Living World,2024,IMDB_SCORE
tm245607,Madaari,2016,IMDB_SCORE
tm54001,The Reader,2008,IMDB_SCORE
tm1480763,Parthenope,2024,POPULAR
ts87563,Dr. STONE,2019,POPULAR
tm1325511,Napoleon,2023,POPULAR
ts82228,Cells at Work!,2018,TMDB_POPULARITY
ts377016,MILF Manor,2023,TMDB_POPULARITY
tm207121,Fifty Shades Freed,2018,TMDB_POPULARITY
tm1339026,Voy! Voy! Voy!,2023,IMDB_SCORE
tm1334516,Mars Express,2023,IMDB_SCORE
tm828369,Lunana: A Yak in the Classroom,2019,IMDB_SCORE
tm1477321,The Seed of the Sacred Fig,2024,POPULAR
ts283022,SPY x FAMILY,2022,POPULAR
tm322029,Happy Death Day,2017,POPULAR
ts219080,Caliphate,2020,TMDB_POPULARITY
ts394265,"Thank You, Next",2024,TMDB_POPULARITY
tm57601,American Pie,1999,TMDB_POPULARITY
tm37931,Boys Don't Cry,1999,IMDB_SCORE
tm276163,"Night Is Short, Walk On Girl",2017,IMDB_SCORE
ts82228,Cells at Work!,2018,IMDB_SCORE
tm1235927,All We Imagine as Light,2024,POPULAR
ts429197,AMERICA'S SWEETHEARTS: Dallas Cowboys Cheerleaders,2024,POPULAR
tm1650681,Wall to Wall,2025,POPULAR
ts87563,Dr. STONE,2019,TMDB_POPULARITY
ts371634,The Railway Men - The Untold Story of Bhopal 1984,2023,TMDB_POPULARITY
ts82879,The Time Traveler's Wife,2022,TMDB_POPULARITY
tm1620730,Predator: Killer of Killers,2025,IMDB_SCORE
ts38701,Marriage Contract,2016,IMDB_SCORE
ts44983,Prison School,2015,IMDB_SCORE
tm1092076,The Voyeurs,2021,POPULAR
tm1255032,MaXXXine,2024,POPULAR
tm1419999,The Outrun,2024,POPULAR
tm1519871,Plankton: The Movie,2025,TMDB_POPULARITY
ts386450,Queen Cleopatra,2023,TMDB_POPULARITY
tm142457,Cinderella,2015,TMDB_POPULARITY
tm371882,Ne Zha,2019,IMDB_SCORE
tm35802,Notes on a Scandal,2006,IMDB_SCORE
tm45681,Tootsie,1982,IMDB_SCORE
ts473467,Turning Point: The Vietnam War,2025,POPULAR
tm97441,Easy A,2010,POPULAR
tm1644575,Ziam,2025,POPULAR
tm1172801,Migration,2023,TMDB_POPULARITY
tm193312,Cheeky,2000,TMDB_POPULARITY
ts223233,300 Yen Friendship,2016,TMDB_POPULARITY
tm1151414,Bhoothakaalam,2022,IMDB_SCORE
tm16847,Antonia's Line,1995,IMDB_SCORE
tm1275184,Freddy,2022,IMDB_SCORE
tm1459130,Tim Travers & the Time Travelers Paradox,2025,POPULAR
tm144183,Dogtooth,2009,POPULAR
ts282537,Baby Reindeer,2024,POPULAR
tm1434941,Eden,2025,TMDB_POPULARITY
ts38701,Marriage Contract,2016,TMDB_POPULARITY
tm180545,In Time,2011,TMDB_POPULARITY
tm489966,Two Autumns in Paris,2020,IMDB_SCORE
ts229360,Super Pumped,2022,IMDB_SCORE
tm1570164,Identity,2025,IMDB_SCORE
tm266647,Ocean's Eight,2018,POPULAR
tm1541281,Queen of the Ring,2025,POPULAR
tm1621519,A Widow's Game,2025,POPULAR
ts404390,The Eternaut,2025,TMDB_POPULARITY
tm95026,A Serbian Film,2010,TMDB_POPULARITY
ts378603,Turning Point: The Bomb and the Cold War,2024,TMDB_POPULARITY
ts404390,The Eternaut,2025,IMDB_SCORE
tm971981,Welcome Home,2020,IMDB_SCORE
tm327806,The Zone of Interest,2023,IMDB_SCORE
tm26026,She's the Man,2006,POPULAR
ts82879,The Time Traveler's Wife,2022,POPULAR
tm1568811,Hot Milk,2025,POPULAR
ts369912,Our Living World,2024,TMDB_POPULARITY
tm1467341,Descendants: The Rise of Red,2024,TMDB_POPULARITY
tm167064,Nymphomaniac: Vol. II,2013,TMDB_POPULARITY
ts450770,Don't Come Home,2024,IMDB_SCORE
tm1238268,Thunderbolts*,2025,IMDB_SCORE
tm201765,NH 10,2015,IMDB_SCORE
tm95026,A Serbian Film,2010,POPULAR
ts84280,Rascal Does Not Dream of Bunny Girl Senpai,2018,POPULAR
tm1470567,EMILIA PÉREZ,2024,POPULAR
tm100267,Alice in Wonderland,2010,TMDB_POPULARITY
tm1092076,The Voyeurs,2021,TMDB_POPULARITY
tm1325511,Napoleon,2023,TMDB_POPULARITY
tm26026,She's the Man,2006,TMDB_POPULARITY
tm1356441,That They May Face the Rising Sun,2024,IMDB_SCORE
tm86394,Kamikaze Girls,2004,IMDB_SCORE
tm155920,La Femme Nikita,1990,IMDB_SCORE
tm99672,Bedevilled,2010,IMDB_SCORE
tm85811,The Girl Next Door,2004,POPULAR
tm1608457,Summer of 69,2025,POPULAR
ts82915,Sex Education,2019,POPULAR
tm141574,The Brown Bunny,2003,POPULAR
tm111624,Swingers,2002,TMDB_POPULARITY
tm1255032,MaXXXine,2024,TMDB_POPULARITY
tm233255,Bad Sister,2015,TMDB_POPULARITY
ts315048,Undercover Underage,2021,TMDB_POPULARITY
ts429197,AMERICA'S SWEETHEARTS: Dallas Cowboys Cheerleaders,2024,IMDB_SCORE
tm1522009,Joy,2024,IMDB_SCORE
tm144183,Dogtooth,2009,IMDB_SCORE
tm1329737,IB 71,2023,IMDB_SCORE
tm1440122,Piece by Piece,2024,POPULAR
tm91470,I Spit on Your Grave,2010,POPULAR
tm58382,Not Another Teen Movie,2001,POPULAR
tm209407,Fifty Shades Darker,2017,TMDB_POPULARITY
tm327806,The Zone of Interest,2023,TMDB_POPULARITY
tm1241329,Joker: Folie à Deux,2024,TMDB_POPULARITY
tm99434,The Whistleblower,2010,IMDB_SCORE
tm106625,"LSD: Love, Sex aur Dhokha",2010,IMDB_SCORE
tm1528662,Saturday Night,2024,IMDB_SCORE
tm165397,Nymphomaniac: Vol. I,2013,POPULAR
tm1529577,Our Little Secret,2024,POPULAR
tm50176,Martyrs,2008,POPULAR
tm53144,Legally Blonde,2001,TMDB_POPULARITY
tm266647,Ocean's Eight,2018,TMDB_POPULARITY
tm85811,The Girl Next Door,2004,TMDB_POPULARITY
tm169717,Venus in Fur,2013,IMDB_SCORE
tm1235927,All We Imagine as Light,2024,IMDB_SCORE
tm88738,Closer,2004,IMDB_SCORE
tm1454863,Humane,2024,POPULAR
tm123639,"Salò, or the 120 Days of Sodom",1976,POPULAR
tm454813,Last Night in Soho,2021,POPULAR
tm1487675,Drop,2025,TMDB_POPULARITY
ts438720,Ranma1/2,2024,TMDB_POPULARITY
ts381098,The Playboy Murders,2023,TMDB_POPULARITY
tm1521200,Sector 36,2024,IMDB_SCORE
tm148548,The Time Traveler's Wife,2009,IMDB_SCORE
tm57601,American Pie,1999,IMDB_SCORE
tm152732,The Rebound,2009,POPULAR
tm150713,Antichrist,2009,POPULAR
tm1529579,Hot Frosty,2024,POPULAR
tm34089,Mamma Mia!,2008,TMDB_POPULARITY
tm233425,A Silent Voice: The Movie,2016,TMDB_POPULARITY
tm1535481,Female Teacher Closing the Door,2021,TMDB_POPULARITY
tm824398,The Platform,2019,IMDB_SCORE
tm41420,Brotherhood of the Wolf,2001,IMDB_SCORE
tm106363,Different for Girls,1996,IMDB_SCORE
tm70842,I Could Never Be Your Woman,2007,POPULAR
tm244180,Red Sparrow,2018,POPULAR
tm1172801,Migration,2023,POPULAR
tm38126,Pleasure or Pain,2013,TMDB_POPULARITY
tm187330,I Spit on Your Grave 2,2013,TMDB_POPULARITY
ts44983,Prison School,2015,TMDB_POPULARITY
tm56463,Sex and Lucía,2001,IMDB_SCORE
tm454813,Last Night in Soho,2021,IMDB_SCORE
tm151980,The Plan Man,2014,IMDB_SCORE
ts80747,Grand Blue Dreaming,2018,POPULAR
tm461898,Swallow,2020,POPULAR
tm1573857,La Dolce Villa,2025,POPULAR
tm105396,The Human Centipede (First Sequence),2009,TMDB_POPULARITY
tm209528,Valerian and the City of a Thousand Planets,2017,TMDB_POPULARITY
tm824398,The Platform,2019,TMDB_POPULARITY
tm97441,Easy A,2010,IMDB_SCORE
tm50176,Martyrs,2008,IMDB_SCORE
tm1287083,Ballerina,2025,IMDB_SCORE
ts381098,The Playboy Murders,2023,POPULAR
tm1550957,Buy Now! The Shopping Conspiracy,2024,POPULAR
ts461854,"Please Put Them On, Takamine-san",2025,POPULAR
tm91470,I Spit on Your Grave,2010,TMDB_POPULARITY
tm23862,Baise-moi,2000,TMDB_POPULARITY
tm110509,Unfaithful,2002,TMDB_POPULARITY
tm1489402,The Ugly Stepsister,2025,IMDB_SCORE
tm142457,Cinderella,2015,IMDB_SCORE
tm867681,Haseen Dillruba,2021,IMDB_SCORE
tm1241329,Joker: Folie à Deux,2024,POPULAR
tm36266,Marie Antoinette,2006,POPULAR
tm78067,The Girl Next Door,2007,POPULAR
tm189040,Indecent Proposal,1993,TMDB_POPULARITY
tm1608457,Summer of 69,2025,TMDB_POPULARITY
tm190768,Perfect Blue,1998,TMDB_POPULARITY
tm608983,Gokuraku Sento Busty Hot Water Momi,2011,IMDB_SCORE
tm165397,Nymphomaniac: Vol. I,2013,IMDB_SCORE
tm1440122,Piece by Piece,2024,IMDB_SCORE
ts377016,MILF Manor,2023,POPULAR
ts321080,Lycoris Recoil,2022,POPULAR
tm1334516,Mars Express,2023,POPULAR
tm100248,Cannibal Holocaust,1980,TMDB_POPULARITY
tm475062,Chernobyl: Abyss,2021,TMDB_POPULARITY
tm1480763,Parthenope,2024,TMDB_POPULARITY
tm1419999,The Outrun,2024,IMDB_SCORE
tm44530,Fashion,2008,IMDB_SCORE
tm1425927,Blink,2024,IMDB_SCORE
tm1601244,Little Siberia,2025,POPULAR
tm1220256,Good Boy,2022,POPULAR
tm166047,Elektra,2005,POPULAR
tm58382,Not Another Teen Movie,2001,TMDB_POPULARITY
tm34019,Y Tu Mamá También,2001,TMDB_POPULARITY
tm50176,Martyrs,2008,TMDB_POPULARITY
tm1035157,Vikrant Rona,2022,IMDB_SCORE
ts387708,Desperate Lies,2024,IMDB_SCORE
tm500226,Good Newwz,2019,IMDB_SCORE
ts452122,Investigation Alien,2024,POPULAR
tm175011,In Secret,2013,POPULAR
tm1397835,Lisa Frankenstein,2024,POPULAR
ts450803,Spice Up Our Love,2024,TMDB_POPULARITY
tm244180,Red Sparrow,2018,TMDB_POPULARITY
tm1632127,The Death of Snow White,2025,TMDB_POPULARITY
tm1444647,28 Years Later,2025,IMDB_SCORE
tm1322774,Jules,2023,IMDB_SCORE
ts351153,Exploding Kittens,2024,IMDB_SCORE
tm824398,The Platform,2019,POPULAR
tm1560906,The Calendar Killer,2025,POPULAR
tm1348997,Little Bites,2024,POPULAR
tm1621519,A Widow's Game,2025,TMDB_POPULARITY
tm175011,In Secret,2013,TMDB_POPULARITY
ts229360,Super Pumped,2022,TMDB_POPULARITY
tm373455,T-34,2018,IMDB_SCORE
tm180545,In Time,2011,IMDB_SCORE
tm1407816,Adire,2023,IMDB_SCORE
tm1445240,Your Monster,2024,POPULAR
tm209528,Valerian and the City of a Thousand Planets,2017,POPULAR
tm1071988,Time Cut,2024,POPULAR
tm119937,The Hot Chick,2002,TMDB_POPULARITY
tm1454863,Humane,2024,TMDB_POPULARITY
tm1419999,The Outrun,2024,TMDB_POPULARITY
tm142327,Young & Beautiful,2013,IMDB_SCORE
tm1550957,Buy Now! The Shopping Conspiracy,2024,IMDB_SCORE
tm85811,The Girl Next Door,2004,IMDB_SCORE
tm1200268,Red One,2024,POPULAR
tm1519871,Plankton: The Movie,2025,POPULAR
tm450615,American Kamasutra,2018,POPULAR
tm150713,Antichrist,2009,TMDB_POPULARITY
tm54001,The Reader,2008,TMDB_POPULARITY
tm41420,Brotherhood of the Wolf,2001,TMDB_POPULARITY
tm191960,U Turn,1997,IMDB_SCORE
tm319299,Benedetta,2021,IMDB_SCORE
tm470186,Dogs Don't Wear Pants,2019,IMDB_SCORE
tm176490,The Skeleton Key,2005,POPULAR
tm37931,Boys Don't Cry,1999,POPULAR
tm45681,Tootsie,1982,POPULAR
ts450770,Don't Come Home,2024,TMDB_POPULARITY
tm193125,Hot Girls Wanted,2015,TMDB_POPULARITY
tm1560906,The Calendar Killer,2025,TMDB_POPULARITY
tm110509,Unfaithful,2002,IMDB_SCORE
tm963023,Chandigarh Kare Aashiqui,2021,IMDB_SCORE
ts450803,Spice Up Our Love,2024,IMDB_SCORE
ts450770,Don't Come Home,2024,POPULAR
tm1527170,Blitz,2024,POPULAR
tm23862,Baise-moi,2000,POPULAR
tm142327,Young & Beautiful,2013,TMDB_POPULARITY
tm159220,Under the Skin,2014,TMDB_POPULARITY
tm36509,The House Bunny,2008,TMDB_POPULARITY
tm1319574,Jeanne du Barry,2023,IMDB_SCORE
tm244244,Novitiate,2017,IMDB_SCORE
tm167064,Nymphomaniac: Vol. II,2013,IMDB_SCORE
tm1257949,Mira,2022,POPULAR
tm1601353,Tourist Family,2025,POPULAR
tm1522009,Joy,2024,POPULAR
tm1451783,Art of Love,2024,TMDB_POPULARITY
tm248377,Young Mother 3,2015,TMDB_POPULARITY
tm1308388,Money Shot: The Pornhub Story,2023,TMDB_POPULARITY
tm1434270,The Arctic Convoy,2023,IMDB_SCORE
tm1172801,Migration,2023,IMDB_SCORE
tm244180,Red Sparrow,2018,IMDB_SCORE
tm1308388,Money Shot: The Pornhub Story,2023,POPULAR
ts229360,Super Pumped,2022,POPULAR
ts315048,Undercover Underage,2021,POPULAR
tm1322774,Jules,2023,TMDB_POPULARITY
tm1445240,Your Monster,2024,TMDB_POPULARITY
tm1591516,Sosyal Climbers,2025,TMDB_POPULARITY
tm1480763,Parthenope,2024,IMDB_SCORE
ts381098,The Playboy Murders,2023,IMDB_SCORE
tm1338747,Bread & Roses,2024,IMDB_SCORE
tm233255,Bad Sister,2015,POPULAR
tm41420,Brotherhood of the Wolf,2001,POPULAR
tm1338753,How to Have Sex,2023,POPULAR
tm183790,Hostel,2006,TMDB_POPULARITY
ts90311,Vinland Saga,2019,TMDB_POPULARITY
tm138998,Love,2015,TMDB_POPULARITY
tm1301834,Peak Season,2024,IMDB_SCORE
tm322029,Happy Death Day,2017,IMDB_SCORE
ts251675,Hellbound,2021,IMDB_SCORE
tm1444509,Omni Loop,2024,POPULAR
ts394265,"Thank You, Next",2024,POPULAR
tm319299,Benedetta,2021,POPULAR
ts351153,Exploding Kittens,2024,TMDB_POPULARITY
tm454813,Last Night in Soho,2021,TMDB_POPULARITY
tm120870,Nine 1/2 Weeks,1986,TMDB_POPULARITY
tm150016,The World of Kanako,2014,IMDB_SCORE
tm1521793,The Last Showgirl,2024,IMDB_SCORE
tm78067,The Girl Next Door,2007,IMDB_SCORE
ts387708,Desperate Lies,2024,POPULAR
tm167064,Nymphomaniac: Vol. II,2013,POPULAR
tm123367,Blonde,2022,POPULAR
tm24007,Basic Instinct 2,2006,TMDB_POPULARITY
tm36266,Marie Antoinette,2006,TMDB_POPULARITY
tm144183,Dogtooth,2009,TMDB_POPULARITY
tm36266,Marie Antoinette,2006,IMDB_SCORE
tm1447344,Maharaj,2024,IMDB_SCORE
tm176490,The Skeleton Key,2005,IMDB_SCORE
tm232814,The Love Witch,2016,POPULAR
tm36509,The House Bunny,2008,POPULAR
tm1477229,Bad Genius,2024,POPULAR
tm1470567,EMILIA PÉREZ,2024,TMDB_POPULARITY
tm1235927,All We Imagine as Light,2024,TMDB_POPULARITY
tm450615,American Kamasutra,2018,TMDB_POPULARITY
tm995185,Disappear Completely,2024,POPULAR
ts251675,Hellbound,2021,POPULAR
tm148548,The Time Traveler's Wife,2009,POPULAR
tm319299,Benedetta,2021,TMDB_POPULARITY
ts387708,Desperate Lies,2024,TMDB_POPULARITY
tm405024,I Want to Eat Your Pancreas,2018,TMDB_POPULARITY
tm1521200,Sector 36,2024,POPULAR
tm1557983,The Sand Castle,2024,POPULAR
tm164977,Sleeping Beauty,2011,POPULAR
tm123367,Blonde,2022,TMDB_POPULARITY
tm97441,Easy A,2010,TMDB_POPULARITY
tm166047,Elektra,2005,TMDB_POPULARITY
tm1585862,Death Before the Wedding,2025,POPULAR
tm180681,A Teacher,2013,POPULAR
tm1479183,Bionic,2024,POPULAR
tm1220256,Good Boy,2022,TMDB_POPULARITY
tm1071988,Time Cut,2024,TMDB_POPULARITY
tm1521200,Sector 36,2024,TMDB_POPULARITY
tm1557110,My Fault: London,2025,POPULAR
tm1338753,How to Have Sex,2023,TMDB_POPULARITY
tm1257949,Mira,2022,TMDB_POPULARITY
tm34089,Mamma Mia!,2008,IMDB_SCORE
tm1422528,Shaitaan,2024,IMDB_SCORE
tm151235,The Duke of Burgundy,2014,IMDB_SCORE
tm53144,Legally Blonde,2001,IMDB_SCORE
tm156429,White Palace,1990,IMDB_SCORE
tm461898,Swallow,2020,IMDB_SCORE
tm150713,Antichrist,2009,IMDB_SCORE
tm13745,Pretty Baby,1978,IMDB_SCORE
tm1589939,Materialists,2025,IMDB_SCORE
tm100267,Alice in Wonderland,2010,IMDB_SCORE
tm1445492,The Antisocial Network: Memes to Mayhem,2024,IMDB_SCORE
tm1368978,The Secret Weapon,2021,IMDB_SCORE
tm37715,Helter Skelter,2012,IMDB_SCORE
tm1434941,Eden,2025,IMDB_SCORE
tm1479183,Bionic,2024,TMDB_POPULARITY
tm432142,Sub Rosa,2014,TMDB_POPULARITY
tm1477047,Colors of Evil: Red,2024,IMDB_SCORE
tm1338753,How to Have Sex,2023,IMDB_SCORE
tm328160,Unsane,2018,IMDB_SCORE
tm834200,Sri Asih,2022,TMDB_POPULARITY
tm1230271,Borders of Love,2022,TMDB_POPULARITY
tm1527170,Blitz,2024,TMDB_POPULARITY
tm40319,Savages,2012,IMDB_SCORE
tm209528,Valerian and the City of a Thousand Planets,2017,IMDB_SCORE
ts452122,Investigation Alien,2024,IMDB_SCORE
tm148548,The Time Traveler's Wife,2009,TMDB_POPULARITY
tm432732,Curiosa,2019,TMDB_POPULARITY
tm56463,Sex and Lucía,2001,TMDB_POPULARITY
tm1472770,Everybody Loves Touda,2024,IMDB_SCORE
tm26026,She's the Man,2006,IMDB_SCORE
tm1445240,Your Monster,2024,IMDB_SCORE
tm159901,Miss Congeniality 2: Armed and Fabulous,2005,TMDB_POPULARITY
tm88738,Closer,2004,TMDB_POPULARITY
tm176490,The Skeleton Key,2005,TMDB_POPULARITY
tm1394250,Munjya,2024,IMDB_SCORE
tm1418816,Back to Black,2024,IMDB_SCORE
tm152732,The Rebound,2009,IMDB_SCORE
tm1568811,Hot Milk,2025,TMDB_POPULARITY
tm175425,Adore,2013,TMDB_POPULARITY
tm13745,Pretty Baby,1978,TMDB_POPULARITY
tm271314,Antiporno,2017,IMDB_SCORE
tm113562,Dating the Enemy,1996,IMDB_SCORE
tm1325511,Napoleon,2023,IMDB_SCORE
tm244178,Terminal,2018,TMDB_POPULARITY
tm123038,The Story of O,1975,TMDB_POPULARITY
tm1573857,La Dolce Villa,2025,TMDB_POPULARITY
tm1509112,Freedom,2024,TMDB_POPULARITY
tm1541281,Queen of the Ring,2025,IMDB_SCORE
tm159220,Under the Skin,2014,IMDB_SCORE
tm156129,Two Night Stand,2014,IMDB_SCORE
tm106322,Ken Park,2003,TMDB_POPULARITY
tm322029,Happy Death Day,2017,TMDB_POPULARITY
tm1477321,The Seed of the Sacred Fig,2024,TMDB_POPULARITY
tm99672,Bedevilled,2010,TMDB_POPULARITY
tm1200268,Red One,2024,IMDB_SCORE
tm29582,The Ramen Girl,2008,IMDB_SCORE
tm266647,Ocean's Eight,2018,IMDB_SCORE
tm266680,Girls Trip,2017,IMDB_SCORE
tm23416,Bring It On,2000,TMDB_POPULARITY
tm66697,Hostel: Part II,2007,TMDB_POPULARITY
tm155920,La Femme Nikita,1990,TMDB_POPULARITY
tm983787,Ava,2020,TMDB_POPULARITY
tm1621519,A Widow's Game,2025,IMDB_SCORE
tm1255032,MaXXXine,2024,IMDB_SCORE
tm1557110,My Fault: London,2025,IMDB_SCORE
tm232685,The Eyes of My Mother,2016,IMDB_SCORE
tm1521793,The Last Showgirl,2024,TMDB_POPULARITY
tm124636,Poison Ivy,1992,TMDB_POPULARITY
tm1228562,Scorpio Nights 3,2022,TMDB_POPULARITY
tm123639,"Salò, or the 120 Days of Sodom",1976,TMDB_POPULARITY
tm1124755,An Ordinary Mother,2022,IMDB_SCORE
tm53696,Hello I Must Be Going,2012,IMDB_SCORE
tm175425,Adore,2013,IMDB_SCORE
ts33264,The Playboy Club,2011,IMDB_SCORE
tm175346,Mean Girls 2,2011,TMDB_POPULARITY
tm471185,Fidelity,2019,TMDB_POPULARITY
tm120702,Belle de Jour,1967,TMDB_POPULARITY
ts369911,Our Oceans,2024,TMDB_POPULARITY
tm366322,Fistik gibi masallah,1964,IMDB_SCORE
tm1151212,Restore Point,2023,IMDB_SCORE
tm1477229,Bad Genius,2024,IMDB_SCORE
tm91470,I Spit on Your Grave,2010,IMDB_SCORE
tm78067,The Girl Next Door,2007,TMDB_POPULARITY
tm86425,Concrete,2004,TMDB_POPULARITY
tm89011,Flower & Snake,2004,TMDB_POPULARITY
tm89935,Jonah Hex,2010,TMDB_POPULARITY
tm179400,Prime,2005,IMDB_SCORE
tm995185,Disappear Completely,2024,IMDB_SCORE
tm1436567,Shooting My Life's Script,2024,IMDB_SCORE
tm1527170,Blitz,2024,IMDB_SCORE
tm153143,Mommy,2014,TMDB_POPULARITY
tm266680,Girls Trip,2017,TMDB_POPULARITY
tm164977,Sleeping Beauty,2011,TMDB_POPULARITY
tm1311670,Americana,2025,TMDB_POPULARITY
tm23416,Bring It On,2000,IMDB_SCORE
tm232814,The Love Witch,2016,IMDB_SCORE
tm241263,Werewolf,2017,IMDB_SCORE
tm175011,In Secret,2013,IMDB_SCORE
tm1440122,Piece by Piece,2024,TMDB_POPULARITY
tm45681,Tootsie,1982,TMDB_POPULARITY
tm99508,Milf,2010,TMDB_POPULARITY
tm1418816,Back to Black,2024,TMDB_POPULARITY
tm1487675,Drop,2025,IMDB_SCORE
tm139016,Chéri,2009,IMDB_SCORE
tm1299255,M3GAN 2.0,2025,IMDB_SCORE
tm834200,Sri Asih,2022,IMDB_SCORE
tm40319,Savages,2012,TMDB_POPULARITY
tm1445492,The Antisocial Network: Memes to Mayhem,2024,TMDB_POPULARITY
tm50525,Chained Heat 2001: Slave Lovers,2001,TMDB_POPULARITY
ts33264,The Playboy Club,2011,TMDB_POPULARITY
tm193125,Hot Girls Wanted,2015,IMDB_SCORE
tm1092076,The Voyeurs,2021,IMDB_SCORE
tm138998,Love,2015,IMDB_SCORE
tm1397835,Lisa Frankenstein,2024,IMDB_SCORE
tm37715,Helter Skelter,2012,TMDB_POPULARITY
tm271314,Antiporno,2017,TMDB_POPULARITY
tm1434270,The Arctic Convoy,2023,TMDB_POPULARITY
tm1445492,The Antisocial Network: Memes to Mayhem,2024,POPULAR
tm35802,Notes on a Scandal,2006,POPULAR
tm1588342,The Wrong Track,2025,IMDB_SCORE
tm1573857,La Dolce Villa,2025,IMDB_SCORE
tm1304282,Black Barbie: A Documentary,2024,IMDB_SCORE
tm22553,The Pet,2006,TMDB_POPULARITY
tm1529579,Hot Frosty,2024,TMDB_POPULARITY
tm232814,The Love Witch,2016,TMDB_POPULARITY
tm1477047,Colors of Evil: Red,2024,POPULAR
tm183790,Hostel,2006,POPULAR
tm80222,Paranoia,1969,IMDB_SCORE
tm189040,Indecent Proposal,1993,IMDB_SCORE
tm420348,Cam,2018,IMDB_SCORE
tm1364330,Katie's Mom,2025,TMDB_POPULARITY
tm373455,T-34,2018,TMDB_POPULARITY
tm1528662,Saturday Night,2024,TMDB_POPULARITY
tm1322774,Jules,2023,POPULAR
ts438720,Ranma1/2,2024,POPULAR
tm99434,The Whistleblower,2010,POPULAR
tm1459130,Tim Travers & the Time Travelers Paradox,2025,IMDB_SCORE
ts461854,"Please Put Them On, Takamine-san",2025,IMDB_SCORE
tm1509112,Freedom,2024,IMDB_SCORE
tm847121,Stepmom 2019,2019,TMDB_POPULARITY
tm1397835,Lisa Frankenstein,2024,TMDB_POPULARITY
tm1394250,Munjya,2024,TMDB_POPULARITY
tm1434270,The Arctic Convoy,2023,POPULAR
tm100248,Cannibal Holocaust,1980,POPULAR
ts369911,Our Oceans,2024,POPULAR
tm266687,Children of the Salt,2017,IMDB_SCORE
tm1198232,Good Girl Jane,2024,IMDB_SCORE
tm1650681,Wall to Wall,2025,IMDB_SCORE
tm328160,Unsane,2018,TMDB_POPULARITY
tm99434,The Whistleblower,2010,TMDB_POPULARITY
tm321381,Infidelity in Suburbia,2017,TMDB_POPULARITY
tm328160,Unsane,2018,POPULAR
tm1380523,TAYLOR SWIFT | THE ERAS TOUR,2023,POPULAR
tm110509,Unfaithful,2002,POPULAR
tm70842,I Could Never Be Your Woman,2007,IMDB_SCORE
tm120870,Nine 1/2 Weeks,1986,IMDB_SCORE
ts394265,"Thank You, Next",2024,IMDB_SCORE
tm86394,Kamikaze Girls,2004,TMDB_POPULARITY
tm1247671,Bula,2022,TMDB_POPULARITY
tm320255,Bad Genius,2017,TMDB_POPULARITY
tm1304282,Black Barbie: A Documentary,2024,POPULAR
ts378603,Turning Point: The Bomb and the Cold War,2024,POPULAR
tm88738,Closer,2004,POPULAR
tm183790,Hostel,2006,IMDB_SCORE
tm123639,"Salò, or the 120 Days of Sodom",1976,IMDB_SCORE
tm1297613,The Moon,2023,IMDB_SCORE
tm67991,Shameless,2012,TMDB_POPULARITY
tm179400,Prime,2005,TMDB_POPULARITY
tm420348,Cam,2018,TMDB_POPULARITY
tm1400504,Hell Torture,2023,POPULAR
tm54001,The Reader,2008,POPULAR
tm105396,The Human Centipede (First Sequence),2009,POPULAR
tm1407143,A Tribe Called Judah,2023,IMDB_SCORE
tm1608457,Summer of 69,2025,IMDB_SCORE
tm58382,Not Another Teen Movie,2001,IMDB_SCORE
tm1582862,Gowok: Javanese Kamasutra,2025,TMDB_POPULARITY
tm1319574,Jeanne du Barry,2023,TMDB_POPULARITY
tm141574,The Brown Bunny,2003,TMDB_POPULARITY
ts268266,True Beauty,2020,POPULAR
tm1418816,Back to Black,2024,POPULAR
tm191960,U Turn,1997,POPULAR
tm100248,Cannibal Holocaust,1980,IMDB_SCORE
tm1257949,Mira,2022,IMDB_SCORE
tm106322,Ken Park,2003,IMDB_SCORE
tm1422528,Shaitaan,2024,TMDB_POPULARITY
tm191960,U Turn,1997,TMDB_POPULARITY
tm68229,After Porn Ends,2012,TMDB_POPULARITY
tm1509112,Freedom,2024,POPULAR
tm1319574,Jeanne du Barry,2023,POPULAR
tm1367857,Culpa Tuya,2024,POPULAR
tm1529577,Our Little Secret,2024,IMDB_SCORE
tm187330,I Spit on Your Grave 2,2013,IMDB_SCORE
tm68229,After Porn Ends,2012,IMDB_SCORE
tm99942,Flower & Snake 3,2010,TMDB_POPULARITY
tm1380523,TAYLOR SWIFT | THE ERAS TOUR,2023,TMDB_POPULARITY
tm1477229,Bad Genius,2024,TMDB_POPULARITY
tm241263,Werewolf,2017,POPULAR
ts84657,Kaguya-sama: Love is War,2019,POPULAR
tm13745,Pretty Baby,1978,POPULAR
tm1220256,Good Boy,2022,IMDB_SCORE
tm177851,Queen of The Night,2013,IMDB_SCORE
tm167045,Gemini,2005,IMDB_SCORE
tm124304,Fruits of Passion,1981,TMDB_POPULARITY
tm1444509,Omni Loop,2024,TMDB_POPULARITY
tm1407143,A Tribe Called Judah,2023,TMDB_POPULARITY
tm1338747,Bread & Roses,2024,POPULAR
tm142327,Young & Beautiful,2013,POPULAR
tm1356441,That They May Face the Rising Sun,2024,POPULAR
tm471185,Fidelity,2019,IMDB_SCORE
tm244393,Nelly,2017,IMDB_SCORE
tm1338655,Agra,2023,IMDB_SCORE
tm245334,Pet,2016,TMDB_POPULARITY
tm1210114,The Archies,2023,POPULAR
tm189040,Indecent Proposal,1993,POPULAR
tm142457,Cinderella,2015,POPULAR
tm1546624,Until Dawn,2025,IMDB_SCORE
tm61213,How Stella Got Her Groove Back,1998,IMDB_SCORE
tm245334,Pet,2016,IMDB_SCORE
tm1557983,The Sand Castle,2024,TMDB_POPULARITY
tm1529577,Our Little Secret,2024,TMDB_POPULARITY
ts449976,The Manhattan Alien Abduction,2024,TMDB_POPULARITY
ts386450,Queen Cleopatra,2023,POPULAR
tm1407143,A Tribe Called Judah,2023,POPULAR
ts369912,Our Living World,2024,POPULAR
tm91171,Four Lovers,2010,IMDB_SCORE
tm1447411,Man and Witch: The Dance of a Thousand Steps,2024,IMDB_SCORE
ts104503,Man vs Wild with Sunny Leone,2018,IMDB_SCORE
tm37777,Nekromantik,1988,TMDB_POPULARITY
tm167395,Flower & Snake II,2005,TMDB_POPULARITY
tm461898,Swallow,2020,TMDB_POPULARITY
tm106625,"LSD: Love, Sex aur Dhokha",2010,POPULAR
tm1484599,The Price of Nonna's Inheritance,2024,POPULAR
tm177851,Queen of The Night,2013,POPULAR
tm1358648,Touched,2024,IMDB_SCORE
tm167596,Elles,2011,IMDB_SCORE
tm36509,The House Bunny,2008,IMDB_SCORE
tm1465483,Latency,2024,TMDB_POPULARITY
tm1255605,May-December-January,2022,TMDB_POPULARITY
tm70842,I Could Never Be Your Woman,2007,TMDB_POPULARITY
tm1297613,The Moon,2023,POPULAR
tm1588342,The Wrong Track,2025,POPULAR
tm209407,Fifty Shades Darker,2017,POPULAR
tm192804,Bits & Pieces,1996,IMDB_SCORE
tm113390,Flower & Snake,1974,IMDB_SCORE
tm119937,The Hot Chick,2002,IMDB_SCORE
tm276163,"Night Is Short, Walk On Girl",2017,TMDB_POPULARITY
ts429197,AMERICA'S SWEETHEARTS: Dallas Cowboys Cheerleaders,2024,TMDB_POPULARITY
ts473467,Turning Point: The Vietnam War,2025,TMDB_POPULARITY
tm165397,Nymphomaniac: Vol. I,2013,TMDB_POPULARITY
tm153143,Mommy,2014,POPULAR
tm1394250,Munjya,2024,POPULAR
tm232685,The Eyes of My Mother,2016,POPULAR
tm1444509,Omni Loop,2024,IMDB_SCORE
tm66697,Hostel: Part II,2007,IMDB_SCORE
tm1230271,Borders of Love,2022,IMDB_SCORE
tm1045421,Kraven the Hunter,2024,IMDB_SCORE
tm152732,The Rebound,2009,TMDB_POPULARITY
tm1334516,Mars Express,2023,TMDB_POPULARITY
tm1550957,Buy Now! The Shopping Conspiracy,2024,TMDB_POPULARITY
ts351153,Exploding Kittens,2024,POPULAR
tm266680,Girls Trip,2017,POPULAR
ts219080,Caliphate,2020,POPULAR
tm1568811,Hot Milk,2025,IMDB_SCORE
tm111624,Swingers,2002,IMDB_SCORE
tm1301356,Fukrey 3,2023,IMDB_SCORE
tm256435,The House of Pleasure,1994,TMDB_POPULARITY
tm169717,Venus in Fur,2013,TMDB_POPULARITY
tm151235,The Duke of Burgundy,2014,TMDB_POPULARITY
tm1422528,Shaitaan,2024,POPULAR
tm40319,Savages,2012,POPULAR
tm24007,Basic Instinct 2,2006,POPULAR
tm167395,Flower & Snake II,2005,IMDB_SCORE
tm1454863,Humane,2024,IMDB_SCORE
tm161416,The Mistress of Spices,2005,IMDB_SCORE
tm37931,Boys Don't Cry,1999,TMDB_POPULARITY
tm150016,The World of Kanako,2014,TMDB_POPULARITY
tm113390,Flower & Snake,1974,TMDB_POPULARITY
tm233425,A Silent Voice: The Movie,2016,POPULAR
tm207121,Fifty Shades Freed,2018,POPULAR
tm56463,Sex and Lucía,2001,POPULAR
tm89011,Flower & Snake,2004,IMDB_SCORE
tm983787,Ava,2020,IMDB_SCORE
tm290261,Mostly Sunny,2017,IMDB_SCORE
tm156429,White Palace,1990,TMDB_POPULARITY
tm1435775,Young Woman Masturbating,2023,TMDB_POPULARITY
tm608983,Gokuraku Sento Busty Hot Water Momi,2011,TMDB_POPULARITY
tm195231,The Ceremony,2015,POPULAR
tm124636,Poison Ivy,1992,POPULAR
tm1151212,Restore Point,2023,POPULAR
tm1311670,Americana,2025,IMDB_SCORE
tm1228562,Scorpio Nights 3,2022,IMDB_SCORE
tm134951,My Mistress,2014,IMDB_SCORE
tm1297613,The Moon,2023,TMDB_POPULARITY
tm1492209,The Witch. Revenge,2024,TMDB_POPULARITY
tm1303039,Fall,2023,TMDB_POPULARITY
tm1298912,Seize Them!,2024,POPULAR
tm1467341,Descendants: The Rise of Red,2024,POPULAR
tm1451783,Art of Love,2024,POPULAR
tm244178,Terminal,2018,IMDB_SCORE
tm1291225,Free Time,2023,IMDB_SCORE
tm123367,Blonde,2022,IMDB_SCORE
tm971981,Welcome Home,2020,TMDB_POPULARITY
tm91171,Four Lovers,2010,TMDB_POPULARITY
tm134951,My Mistress,2014,TMDB_POPULARITY
tm119937,The Hot Chick,2002,POPULAR
tm983787,Ava,2020,POPULAR
tm1364330,Katie's Mom,2025,POPULAR
tm124636,Poison Ivy,1992,IMDB_SCORE
tm193312,Cheeky,2000,IMDB_SCORE
tm1560906,The Calendar Killer,2025,IMDB_SCORE
tm35802,Notes on a Scandal,2006,TMDB_POPULARITY
tm1085581,I'm Monica Bellucci,2021,TMDB_POPULARITY
tm187330,I Spit on Your Grave 2,2013,POPULAR
tm120870,Nine 1/2 Weeks,1986,POPULAR
tm432732,Curiosa,2019,IMDB_SCORE
tm1470567,EMILIA PÉREZ,2024,IMDB_SCORE
tm1308388,Money Shot: The Pornhub Story,2023,IMDB_SCORE
tm1298912,Seize Them!,2024,TMDB_POPULARITY
tm156129,Two Night Stand,2014,TMDB_POPULARITY
tm1472770,Everybody Loves Touda,2024,TMDB_POPULARITY
tm475062,Chernobyl: Abyss,2021,POPULAR
tm139016,Chéri,2009,POPULAR
tm67991,Shameless,2012,POPULAR
tm1079944,The Salamander,2021,IMDB_SCORE
ts449976,The Manhattan Alien Abduction,2024,IMDB_SCORE
tm1492209,The Witch. Revenge,2024,IMDB_SCORE
tm1588342,The Wrong Track,2025,TMDB_POPULARITY
tm1338747,Bread & Roses,2024,TMDB_POPULARITY
tm828369,Lunana: A Yak in the Classroom,2019,TMDB_POPULARITY
tm290261,Mostly Sunny,2017,POPULAR
tm1340687,Chestnut,2024,POPULAR
tm148282,Soldier's Girl,2003,POPULAR
tm1519871,Plankton: The Movie,2025,IMDB_SCORE
tm124304,Fruits of Passion,1981,IMDB_SCORE
tm79178,Cleopatra,2007,IMDB_SCORE
tm167596,Elles,2011,TMDB_POPULARITY
tm61213,How Stella Got Her Groove Back,1998,TMDB_POPULARITY
tm1477047,Colors of Evil: Red,2024,TMDB_POPULARITY
tm151235,The Duke of Burgundy,2014,POPULAR
ts82228,Cells at Work!,2018,POPULAR
tm432732,Curiosa,2019,POPULAR
tm1529579,Hot Frosty,2024,IMDB_SCORE
tm123038,The Story of O,1975,IMDB_SCORE
tm1484599,The Price of Nonna's Inheritance,2024,IMDB_SCORE
tm1522009,Joy,2024,TMDB_POPULARITY
tm1601353,Tourist Family,2025,TMDB_POPULARITY
tm1412633,Season of Love,2024,TMDB_POPULARITY
tm155920,La Femme Nikita,1990,POPULAR
tm156129,Two Night Stand,2014,POPULAR
ts44983,Prison School,2015,POPULAR
tm164977,Sleeping Beauty,2011,IMDB_SCORE
tm475062,Chernobyl: Abyss,2021,IMDB_SCORE
tm1241329,Joker: Folie à Deux,2024,IMDB_SCORE
tm867681,Haseen Dillruba,2021,TMDB_POPULARITY
tm1348997,Little Bites,2024,TMDB_POPULARITY
tm29582,The Ramen Girl,2008,TMDB_POPULARITY
tm1035157,Vikrant Rona,2022,POPULAR
tm37777,Nekromantik,1988,POPULAR
tm1534050,The Diary,2024,POPULAR
tm159901,Miss Congeniality 2: Armed and Fabulous,2005,IMDB_SCORE
tm195231,The Ceremony,2015,IMDB_SCORE
tm67991,Shameless,2012,IMDB_SCORE
tm1098820,Shiddat,2021,TMDB_POPULARITY
tm190548,Poison Ivy: The New Seduction,1997,TMDB_POPULARITY
tm173999,A Burning Hot Summer,2011,TMDB_POPULARITY
tm100267,Alice in Wonderland,2010,POPULAR
tm828369,Lunana: A Yak in the Classroom,2019,POPULAR
ts449976,The Manhattan Alien Abduction,2024,POPULAR
tm1367857,Culpa Tuya,2024,IMDB_SCORE
tm1601244,Little Siberia,2025,TMDB_POPULARITY
tm119226,Talk to Her,2002,TMDB_POPULARITY
tm244244,Novitiate,2017,TMDB_POPULARITY
tm244244,Novitiate,2017,POPULAR
tm193125,Hot Girls Wanted,2015,POPULAR
ts242607,Scam 1992: The Harshad Mehta Story,2020,POPULAR
tm266687,Children of the Salt,2017,TMDB_POPULARITY
tm1585862,Death Before the Wedding,2025,TMDB_POPULARITY
tm44530,Fashion,2008,TMDB_POPULARITY
tm1591516,Sosyal Climbers,2025,POPULAR
tm175425,Adore,2013,POPULAR
ts371634,The Railway Men - The Untold Story of Bhopal 1984,2023,POPULAR
tm232685,The Eyes of My Mother,2016,TMDB_POPULARITY
tm167045,Gemini,2005,TMDB_POPULARITY
tm290261,Mostly Sunny,2017,TMDB_POPULARITY
tm99672,Bedevilled,2010,POPULAR
tm66697,Hostel: Part II,2007,POPULAR
tm867681,Haseen Dillruba,2021,POPULAR
tm61213,How Stella Got Her Groove Back,1998,POPULAR
tm1338655,Agra,2023,TMDB_POPULARITY
tm1447344,Maharaj,2024,TMDB_POPULARITY
tm470186,Dogs Don't Wear Pants,2019,TMDB_POPULARITY
tm1534050,The Diary,2024,TMDB_POPULARITY
tm53696,Hello I Must Be Going,2012,POPULAR
tm1230271,Borders of Love,2022,POPULAR
tm1301356,Fukrey 3,2023,POPULAR
tm373455,T-34,2018,POPULAR
tm1151212,Restore Point,2023,TMDB_POPULARITY
tm1541281,Queen of the Ring,2025,TMDB_POPULARITY
tm150016,The World of Kanako,2014,POPULAR
tm119226,Talk to Her,2002,POPULAR
tm963023,Chandigarh Kare Aashiqui,2021,POPULAR
tm276163,"Night Is Short, Walk On Girl",2017,POPULAR
tm271973,The Escort,2016,POPULAR
tm320255,Bad Genius,2017,POPULAR
tm244393,Nelly,2017,POPULAR
tm68229,After Porn Ends,2012,POPULAR
tm245334,Pet,2016,POPULAR
tm1465483,Latency,2024,POPULAR
tm1407816,Adire,2023,POPULAR
tm244178,Terminal,2018,POPULAR
tm834200,Sri Asih,2022,POPULAR
tm120702,Belle de Jour,1967,POPULAR
tm179400,Prime,2005,POPULAR
tm420348,Cam,2018,POPULAR
tm44530,Fashion,2008,POPULAR
tm405024,I Want to Eat Your Pancreas,2018,POPULAR
tm175346,Mean Girls 2,2011,POPULAR
tm1422163,Curry & Cyanide: The Jolly Joseph Case,2023,POPULAR
tm68198,Diary of a Butterfly,2012,POPULAR
tm471185,Fidelity,2019,POPULAR
tm356199,Veere Di Wedding,2018,POPULAR
tm159901,Miss Congeniality 2: Armed and Fabulous,2005,POPULAR
tm1447344,Maharaj,2024,POPULAR
tm267164,Plank Face,2016,POPULAR
ts38701,Marriage Contract,2016,POPULAR
tm173999,A Burning Hot Summer,2011,POPULAR
tm321381,Infidelity in Suburbia,2017,POPULAR
tm169717,Venus in Fur,2013,POPULAR
tm1436567,Shooting My Life's Script,2024,POPULAR
tm89935,Jonah Hex,2010,POPULAR
tm193312,Cheeky,2000,POPULAR
tm167596,Elles,2011,POPULAR
tm29582,The Ramen Girl,2008,POPULAR
tm201765,NH 10,2015,POPULAR
tm99508,Milf,2010,POPULAR
tm470186,Dogs Don't Wear Pants,2019,POPULAR
tm245607,Madaari,2016,POPULAR
tm1544993,Umjolo: The Gone Girl,2024,POPULAR
tm16847,Antonia's Line,1995,POPULAR
tm156429,White Palace,1990,POPULAR
tm91171,Four Lovers,2010,POPULAR
tm190548,Poison Ivy: The New Seduction,1997,POPULAR
tm192804,Bits & Pieces,1996,POPULAR
tm38126,Pleasure or Pain,2013,POPULAR
tm271314,Antiporno,2017,POPULAR
tm1561160,Umjolo: Day Ones,2024,POPULAR
tm500226,Good Newwz,2019,POPULAR
tm366494,Haseena,2018,POPULAR
tm134951,My Mistress,2014,POPULAR
ts399016,Overflow,2020,POPULAR
tm161416,The Mistress of Spices,2005,TMDB_POPULARITY
tm103532,Poison Ivy 2: Lily,1996,TMDB_POPULARITY
tm356199,Veere Di Wedding,2018,TMDB_POPULARITY
tm1561160,Umjolo: Day Ones,2024,TMDB_POPULARITY
tm139016,Chéri,2009,TMDB_POPULARITY
tm1436567,Shooting My Life's Script,2024,TMDB_POPULARITY
tm1035157,Vikrant Rona,2022,TMDB_POPULARITY
tm1311744,Domme,2023,TMDB_POPULARITY
tm267164,Plank Face,2016,TMDB_POPULARITY
tm1466382,Loveable,2024,TMDB_POPULARITY
tm69915,Heroine,2012,TMDB_POPULARITY
tm248377,Young Mother 3,2015,IMDB_SCORE
tm173999,A Burning Hot Summer,2011,IMDB_SCORE
tm1306250,Motel Melati,2023,IMDB_SCORE
tm148282,Soldier's Girl,2003,TMDB_POPULARITY
tm124996,Mistress,1976,TMDB_POPULARITY
tm180681,A Teacher,2013,TMDB_POPULARITY
tm1303039,Fall,2023,IMDB_SCORE
tm1601244,Little Siberia,2025,IMDB_SCORE
tm1298912,Seize Them!,2024,IMDB_SCORE
tm271973,The Escort,2016,TMDB_POPULARITY
tm192804,Bits & Pieces,1996,TMDB_POPULARITY
tm151506,Some Like It Cold,2014,TMDB_POPULARITY
tm271973,The Escort,2016,IMDB_SCORE
tm1591516,Sosyal Climbers,2025,IMDB_SCORE
tm1412633,Season of Love,2024,IMDB_SCORE
tm1544993,Umjolo: The Gone Girl,2024,TMDB_POPULARITY
tm1447411,Man and Witch: The Dance of a Thousand Steps,2024,TMDB_POPULARITY
tm53696,Hello I Must Be Going,2012,TMDB_POPULARITY
tm69915,Heroine,2012,IMDB_SCORE
tm1534050,The Diary,2024,IMDB_SCORE
tm1255605,May-December-January,2022,IMDB_SCORE
tm1210114,The Archies,2023,TMDB_POPULARITY
tm1367583,Night Courier,2023,TMDB_POPULARITY
tm366494,Haseena,2018,TMDB_POPULARITY
tm911596,Balestra,2024,IMDB_SCORE
tm1071988,Time Cut,2024,IMDB_SCORE
tm1364330,Katie's Mom,2025,IMDB_SCORE
ts452122,Investigation Alien,2024,TMDB_POPULARITY
tm106625,"LSD: Love, Sex aur Dhokha",2010,TMDB_POPULARITY
tm1079944,The Salamander,2021,TMDB_POPULARITY
tm267164,Plank Face,2016,IMDB_SCORE
tm95026,A Serbian Film,2010,IMDB_SCORE
tm141574,The Brown Bunny,2003,IMDB_SCORE
tm16847,Antonia's Line,1995,TMDB_POPULARITY
tm963023,Chandigarh Kare Aashiqui,2021,TMDB_POPULARITY
tm245607,Madaari,2016,TMDB_POPULARITY
tm1644575,Ziam,2025,IMDB_SCORE
tm180681,A Teacher,2013,IMDB_SCORE
tm37777,Nekromantik,1988,IMDB_SCORE
tm1570164,Identity,2025,TMDB_POPULARITY
tm995185,Disappear Completely,2024,TMDB_POPULARITY
tm1306327,Salamat Daks,2023,TMDB_POPULARITY
tm1585862,Death Before the Wedding,2025,IMDB_SCORE
tm1421683,Swimming Home,2024,IMDB_SCORE
tm190548,Poison Ivy: The New Seduction,1997,IMDB_SCORE
tm177851,Queen of The Night,2013,TMDB_POPULARITY
tm201765,NH 10,2015,TMDB_POPULARITY
tm1306250,Motel Melati,2023,TMDB_POPULARITY
tm1217561,Compulsus,2022,IMDB_SCORE
tm89935,Jonah Hex,2010,IMDB_SCORE
tm1306327,Salamat Daks,2023,IMDB_SCORE
tm1301356,Fukrey 3,2023,TMDB_POPULARITY
tm1484599,The Price of Nonna's Inheritance,2024,TMDB_POPULARITY
tm1340687,Chestnut,2024,TMDB_POPULARITY
tm99942,Flower & Snake 3,2010,IMDB_SCORE
tm166047,Elektra,2005,IMDB_SCORE
tm1467341,Descendants: The Rise of Red,2024,IMDB_SCORE
tm151980,The Plan Man,2014,TMDB_POPULARITY
tm80222,Paranoia,1969,TMDB_POPULARITY
tm1407816,Adire,2023,TMDB_POPULARITY
tm1557983,The Sand Castle,2024,IMDB_SCORE
tm1247671,Bula,2022,IMDB_SCORE
tm453638,Mistresses,2019,IMDB_SCORE
tm253491,School Of Surrender,2005,TMDB_POPULARITY
tm911596,Balestra,2024,TMDB_POPULARITY
tm1151414,Bhoothakaalam,2022,TMDB_POPULARITY
tm1348997,Little Bites,2024,IMDB_SCORE
tm1340687,Chestnut,2024,IMDB_SCORE
tm233255,Bad Sister,2015,IMDB_SCORE
tm1329737,IB 71,2023,TMDB_POPULARITY
tm130554,Why Did You Come to My House,2009,TMDB_POPULARITY
tm1304282,Black Barbie: A Documentary,2024,TMDB_POPULARITY
tm207121,Fifty Shades Freed,2018,IMDB_SCORE
tm209407,Fifty Shades Darker,2017,IMDB_SCORE
tm1451783,Art of Love,2024,IMDB_SCORE
tm106363,Different for Girls,1996,POPULAR
ts223233,300 Yen Friendship,2016,POPULAR
tm1198232,Good Girl Jane,2024,TMDB_POPULARITY
tm241263,Werewolf,2017,TMDB_POPULARITY
tm1422163,Curry & Cyanide: The Jolly Joseph Case,2023,TMDB_POPULARITY
tm23862,Baise-moi,2000,IMDB_SCORE
tm1400504,Hell Torture,2023,IMDB_SCORE
tm103532,Poison Ivy 2: Lily,1996,IMDB_SCORE
tm111624,Swingers,2002,POPULAR
tm1535481,Female Teacher Closing the Door,2021,POPULAR
ts450803,Spice Up Our Love,2024,POPULAR
tm113562,Dating the Enemy,1996,TMDB_POPULARITY
tm1358648,Touched,2024,TMDB_POPULARITY
tm1400504,Hell Torture,2023,TMDB_POPULARITY
tm105396,The Human Centipede (First Sequence),2009,IMDB_SCORE
tm24007,Basic Instinct 2,2006,IMDB_SCORE
tm256435,The House of Pleasure,1994,IMDB_SCORE
tm1632127,The Death of Snow White,2025,POPULAR
tm248377,Young Mother 3,2015,POPULAR
tm432142,Sub Rosa,2014,POPULAR
tm1339026,Voy! Voy! Voy!,2023,TMDB_POPULARITY
tm74405,Mistress of Souls,2007,TMDB_POPULARITY
tm326021,Dream Girl,2016,TMDB_POPULARITY
tm86425,Concrete,2004,IMDB_SCORE
tm1544993,Umjolo: The Gone Girl,2024,IMDB_SCORE
tm1311744,Domme,2023,IMDB_SCORE
tm106322,Ken Park,2003,POPULAR
tm1228562,Scorpio Nights 3,2022,POPULAR
tm86425,Concrete,2004,POPULAR
tm1421683,Swimming Home,2024,TMDB_POPULARITY
tm914329,The Lesser Evil,2014,TMDB_POPULARITY
tm1275184,Freddy,2022,TMDB_POPULARITY
tm1479183,Bionic,2024,IMDB_SCORE
tm321381,Infidelity in Suburbia,2017,IMDB_SCORE
tm151506,Some Like It Cold,2014,IMDB_SCORE
tm89011,Flower & Snake,2004,POPULAR
tm50525,Chained Heat 2001: Slave Lovers,2001,POPULAR
ts33264,The Playboy Club,2011,POPULAR
tm1368978,The Secret Weapon,2021,TMDB_POPULARITY
tm1356441,That They May Face the Rising Sun,2024,TMDB_POPULARITY
tm1425927,Blink,2024,TMDB_POPULARITY
tm1632127,The Death of Snow White,2025,IMDB_SCORE
tm139217,Fifty Shades of Grey,2015,IMDB_SCORE
tm38126,Pleasure or Pain,2013,IMDB_SCORE
tm37715,Helter Skelter,2012,POPULAR
tm22553,The Pet,2006,POPULAR
tm847121,Stepmom 2019,2019,POPULAR
tm489966,Two Autumns in Paris,2020,TMDB_POPULARITY
tm453638,Mistresses,2019,TMDB_POPULARITY
tm106363,Different for Girls,1996,TMDB_POPULARITY
tm1210114,The Archies,2023,IMDB_SCORE
tm1561160,Umjolo: Day Ones,2024,IMDB_SCORE
tm1465483,Latency,2024,IMDB_SCORE
tm86394,Kamikaze Girls,2004,POPULAR
tm1247671,Bula,2022,POPULAR
tm1582862,Gowok: Javanese Kamasutra,2025,POPULAR
tm195231,The Ceremony,2015,TMDB_POPULARITY
tm1124755,An Ordinary Mother,2022,TMDB_POPULARITY
tm500226,Good Newwz,2019,TMDB_POPULARITY
tm175346,Mean Girls 2,2011,IMDB_SCORE
tm68198,Diary of a Butterfly,2012,IMDB_SCORE
ts377016,MILF Manor,2023,IMDB_SCORE
tm99942,Flower & Snake 3,2010,POPULAR
tm124304,Fruits of Passion,1981,POPULAR
tm167395,Flower & Snake II,2005,POPULAR
tm244393,Nelly,2017,TMDB_POPULARITY
tm1301834,Peak Season,2024,TMDB_POPULARITY
ts104503,Man vs Wild with Sunny Leone,2018,TMDB_POPULARITY
tm22553,The Pet,2006,IMDB_SCORE
tm356199,Veere Di Wedding,2018,IMDB_SCORE
tm450615,American Kamasutra,2018,IMDB_SCORE
tm1255605,May-December-January,2022,POPULAR
tm256435,The House of Pleasure,1994,POPULAR
tm113390,Flower & Snake,1974,POPULAR
tm366322,Fistik gibi masallah,1964,TMDB_POPULARITY
tm79178,Cleopatra,2007,TMDB_POPULARITY
tm1183756,The Cleaner,2022,TMDB_POPULARITY
tm366494,Haseena,2018,IMDB_SCORE
ts386450,Queen Cleopatra,2023,IMDB_SCORE
tm50525,Chained Heat 2001: Slave Lovers,2001,IMDB_SCORE
tm1435775,Young Woman Masturbating,2023,POPULAR
tm608983,Gokuraku Sento Busty Hot Water Momi,2011,POPULAR
tm1492209,The Witch. Revenge,2024,POPULAR
tm1459130,Tim Travers & the Time Travelers Paradox,2025,TMDB_POPULARITY
tm1424710,Ada Omo Daddy,2023,TMDB_POPULARITY
tm1291225,Free Time,2023,TMDB_POPULARITY
ts399016,Overflow,2020,IMDB_SCORE
tm74405,Mistress of Souls,2007,IMDB_SCORE
tm914329,The Lesser Evil,2014,IMDB_SCORE
tm1303039,Fall,2023,POPULAR
tm971981,Welcome Home,2020,POPULAR
tm1085581,I'm Monica Bellucci,2021,POPULAR
tm68198,Diary of a Butterfly,2012,TMDB_POPULARITY
tm1217561,Compulsus,2022,TMDB_POPULARITY
tm54176,Grave of the Fireflies,1988,TMDB_POPULARITY
tm99508,Milf,2010,IMDB_SCORE
tm124996,Mistress,1976,IMDB_SCORE
ts223233,300 Yen Friendship,2016,IMDB_SCORE
tm1472770,Everybody Loves Touda,2024,POPULAR
tm1412633,Season of Love,2024,POPULAR
tm1098820,Shiddat,2021,POPULAR
tm130554,Why Did You Come to My House,2009,IMDB_SCORE
tm1183756,The Cleaner,2022,IMDB_SCORE
tm847121,Stepmom 2019,2019,IMDB_SCORE
tm266687,Children of the Salt,2017,POPULAR
tm167045,Gemini,2005,POPULAR
tm1338655,Agra,2023,POPULAR
tm253491,School Of Surrender,2005,IMDB_SCORE
tm1435775,Young Woman Masturbating,2023,IMDB_SCORE
tm1535481,Female Teacher Closing the Door,2021,IMDB_SCORE
tm161416,The Mistress of Spices,2005,POPULAR
tm103532,Poison Ivy 2: Lily,1996,POPULAR
tm1311744,Domme,2023,POPULAR
tm1422163,Curry & Cyanide: The Jolly Joseph Case,2023,IMDB_SCORE
tm1085581,I'm Monica Bellucci,2021,IMDB_SCORE
tm1466382,Loveable,2024,POPULAR
tm69915,Heroine,2012,POPULAR
tm124996,Mistress,1976,POPULAR
tm151506,Some Like It Cold,2014,POPULAR
tm1447411,Man and Witch: The Dance of a Thousand Steps,2024,POPULAR
tm1367583,Night Courier,2023,POPULAR
tm1079944,The Salamander,2021,POPULAR
tm1570164,Identity,2025,POPULAR
tm1306327,Salamat Daks,2023,POPULAR
tm1306250,Motel Melati,2023,POPULAR
tm151980,The Plan Man,2014,POPULAR
tm80222,Paranoia,1969,POPULAR
tm253491,School Of Surrender,2005,POPULAR
tm911596,Balestra,2024,POPULAR
tm1151414,Bhoothakaalam,2022,POPULAR
tm1329737,IB 71,2023,POPULAR
tm130554,Why Did You Come to My House,2009,POPULAR
tm1198232,Good Girl Jane,2024,POPULAR
tm113562,Dating the Enemy,1996,POPULAR
tm1358648,Touched,2024,POPULAR
tm1339026,Voy! Voy! Voy!,2023,POPULAR
tm74405,Mistress of Souls,2007,POPULAR
tm326021,Dream Girl,2016,POPULAR
tm1421683,Swimming Home,2024,POPULAR
tm914329,The Lesser Evil,2014,POPULAR
tm1275184,Freddy,2022,POPULAR
tm1368978,The Secret Weapon,2021,POPULAR
tm1425927,Blink,2024,POPULAR
tm489966,Two Autumns in Paris,2020,POPULAR
tm453638,Mistresses,2019,POPULAR
tm1124755,An Ordinary Mother,2022,POPULAR
tm1301834,Peak Season,2024,POPULAR
ts104503,Man vs Wild with Sunny Leone,2018,POPULAR
tm366322,Fistik gibi masallah,1964,POPULAR
tm79178,Cleopatra,2007,POPULAR
tm1183756,The Cleaner,2022,POPULAR
tm1424710,Ada Omo Daddy,2023,POPULAR
tm1291225,Free Time,2023,POPULAR
tm1217561,Compulsus,2022,POPULAR
